sku;titulo;personaje;serie;precio_lista;precio_ml;largo_titulo;color;fotos;descripcion;marca;modelo;largo;altura;relleno
DAKI85-KAFKA;Dakimakura 85cm Simple Kafka Honkai Star Rail;Kafka;Honkai Star Rail;16599;26497;45;Blanco;https://i.postimg.cc/44F1tXPX/kafka.png;Dakimakura 85cm Simple de Kafka (Honkai Star Rail). Confeccionado en tela de alta calidad, estampado HD y relleno suave.;Genérica;DAKI85-KAFKA;28;85;Fibra siliconada
DAKI85-FIREF;Dakimakura 85cm Simple Firefly Honkai Star Rail;Firefly;Honkai Star Rail;16599;26497;47;Blanco;https://example.com/firefly.jpg;Dakimakura 85cm Simple de Firefly (Honkai Star Rail). Confeccionado en tela de alta calidad, estampado HD y relleno suave.;Genérica;DAKI85-FIREF;28;85;Fibra siliconada
DAKI85-ACHER;Dakimakura 85cm Simple Acheron Honkai Star Rail;Acheron;Honkai Star Rail;16599;26497;47;Blanco;https://example.com/acheron.jpg;Dakimakura 85cm Simple de Acheron (Honkai Star Rail). Confeccionado en tela de alta calidad, estampado HD y relleno suave.;Genérica;DAKI85-ACHER;28;85;Fibra siliconada
DAKI85-MARCH;Dakimakura 85cm Simple March 7th Honkai Star Rail;March 7th;Honkai Star Rail;16599;26497;49;Blanco;https://example.com/march7th.jpg;Dakimakura 85cm Simple de March 7th (Honkai Star Rail). Confeccionado en tela de alta calidad, estampado HD y relleno suave.;Genérica;DAKI85-MARCH;28;85;Fibra siliconada
DAKI85-JINGL;Dakimakura 85cm Simple Jingliu Honkai Star Rail;Jingliu;Honkai Star Rail;16599;26497;47;Blanco;https://example.com/jingliu.jpg;Dakimakura 85cm Simple de Jingliu (Honkai Star Rail). Confeccionado en tela de alta calidad, estampado HD y relleno suave.;Genérica;DAKI85-JINGL;28;85;Fibra siliconada
DAKI85-SPARK;Dakimakura 85cm Simple Sparkle Honkai Star Rail;Sparkle;Honkai Star Rail;16599;26497;47;Blanco;https://example.com/sparkle.jpg;Dakimakura 85cm Simple de Sparkle (Honkai Star Rail). Confeccionado en tela de alta calidad, estampado HD y relleno suave.;Genérica;DAKI85-SPARK;28;85;Fibra siliconada
DAKI85-RUANM;Dakimakura 85cm Simple Ruan Mei Honkai Star Rail;Ruan Mei;Honkai Star Rail;16599;26497;48;Blanco;https://example.com/ruanmei.jpg;Dakimakura 85cm Simple de Ruan Mei (Honkai Star Rail). Confeccionado en tela de alta calidad, estampado HD y relleno suave.;Genérica;DAKI85-RUANM;28;85;Fibra siliconada
DAKI85-BLACK;Dakimakura 85cm Simple Black Swan Honkai Star Rail;Black Swan;Honkai Star Rail;16599;26497;50;Blanco;https://example.com/blackswan.jpg;Dakimakura 85cm Simple de Black Swan (Honkai Star Rail). Confeccionado en tela de alta calidad, estampado HD y relleno suave.;Genérica;DAKI85-BLACK;28;85;Fibra siliconada
DAKI85-BLADE;Dakimakura 85cm Simple Blade Honkai Star Rail;Blade;Honkai Star Rail;16599;26497;45;Blanco;https://example.com/blade.jpg;Dakimakura 85cm Simple de Blade (Honkai Star Rail). Confeccionado en tela de alta calidad, estampado HD y relleno suave.;Genérica;DAKI85-BLADE;28;85;Fibra siliconada
DAKI85-DANHE;Dakimakura 85cm Simple Dan Heng Honkai Star Rail;Dan Heng;Honkai Star Rail;16599;26497;48;Blanco;https://example.com/danheng.jpg;Dakimakura 85cm Simple de Dan Heng (Honkai Star Rail). Confeccionado en tela de alta calidad, estampado HD y relleno suave.;Genérica;DAKI85-DANHE;28;85;Fibra siliconada
DAKI85-RAIDE;Dakimakura 85cm Simple Raiden Shogun Genshin Impact;Raiden Shogun;Genshin Impact;16599;26497;51;Blanco;https://example.com/raiden.jpg;Dakimakura 85cm Simple de Raiden Shogun (Genshin Impact). Confeccionado en tela de alta calidad, estampado HD y relleno suave.;Genérica;DAKI85-RAIDE;28;85;Fibra siliconada
DAKI85-HUTAO;Dakimakura 85cm Simple Hu Tao Genshin Impact;Hu Tao;Genshin Impact;16599;26497;44;Blanco;https://example.com/hutao.jpg;Dakimakura 85cm Simple de Hu Tao (Genshin Impact). Confeccionado en tela de alta calidad, estampado HD y relleno suave.;Genérica;DAKI85-HUTAO;28;85;Fibra siliconada
DAKI85-FURIN;Dakimakura 85cm Simple Furina Genshin Impact;Furina;Genshin Impact;16599;26497;44;Blanco;https://example.com/furina.jpg;Dakimakura 85cm Simple de Furina (Genshin Impact). Confeccionado en tela de alta calidad, estampado HD y relleno suave.;Genérica;DAKI85-FURIN;28;85;Fibra siliconada
DAKI85-YELAN;Dakimakura 85cm Simple Yelan Genshin Impact;Yelan;Genshin Impact;16599;26497;43;Blanco;https://example.com/yelan.jpg;Dakimakura 85cm Simple de Yelan (Genshin Impact). Confeccionado en tela de alta calidad, estampado HD y relleno suave.;Genérica;DAKI85-YELAN;28;85;Fibra siliconada
DAKI85-GANYU;Dakimakura 85cm Simple Ganyu Genshin Impact;Ganyu;Genshin Impact;16599;26497;43;Blanco;https://example.com/ganyu.jpg;Dakimakura 85cm Simple de Ganyu (Genshin Impact). Confeccionado en tela de alta calidad, estampado HD y relleno suave.;Genérica;DAKI85-GANYU;28;85;Fibra siliconada
DAKI85-SHENH;Dakimakura 85cm Simple Shenhe Genshin Impact;Shenhe;Genshin Impact;16599;26497;44;Blanco;https://example.com/shenhe.jpg;Dakimakura 85cm Simple de Shenhe (Genshin Impact). Confeccionado en tela de alta calidad, estampado HD y relleno suave.;Genérica;DAKI85-SHENH;28;85;Fibra siliconada
DAKI85-ARLEC;Dakimakura 85cm Simple Arlecchino Genshin Impact;Arlecchino;Genshin Impact;16599;26497;48;Blanco;https://example.com/arlecchino.jpg;Dakimakura 85cm Simple de Arlecchino (Genshin Impact). Confeccionado en tela de alta calidad, estampado HD y relleno suave.;Genérica;DAKI85-ARLEC;28;85;Fibra siliconada
DAKI85-NAHID;Dakimakura 85cm Simple Nahida Genshin Impact;Nahida;Genshin Impact;16599;26497;44;Blanco;https://example.com/nahida.jpg;Dakimakura 85cm Simple de Nahida (Genshin Impact). Confeccionado en tela de alta calidad, estampado HD y relleno suave.;Genérica;DAKI85-NAHID;28;85;Fibra siliconada
DAKI85-ZHONG;Dakimakura 85cm Simple Zhongli Genshin Impact;Zhongli;Genshin Impact;16599;26497;45;Blanco;https://example.com/zhongli.jpg;Dakimakura 85cm Simple de Zhongli (Genshin Impact). Confeccionado en tela de alta calidad, estampado HD y relleno suave.;Genérica;DAKI85-ZHONG;28;85;Fibra siliconada
DAKI85-NEUVI;Dakimakura 85cm Simple Neuvillette Genshin Impact;Neuvillette;Genshin Impact;16599;26497;49;Blanco;https://example.com/neuvillette.jpg;Dakimakura 85cm Simple de Neuvillette (Genshin Impact). Confeccionado en tela de alta calidad, estampado HD y relleno suave.;Genérica;DAKI85-NEUVI;28;85;Fibra siliconada
DAKI85-REM;Dakimakura 85cm Simple Rem Re:Zero;Rem;Re:Zero;16599;26497;34;Blanco;;Dakimakura 85cm Simple de Rem (Re:Zero). Confeccionado en tela de alta calidad, estampado HD y relleno suave.;Genérica;DAKI85-REM;28;85;Fibra siliconada
DAKI85-RAM;Dakimakura 85cm Simple Ram Re:Zero;Ram;Re:Zero;16599;26497;34;Blanco;;Dakimakura 85cm Simple de Ram (Re:Zero). Confeccionado en tela de alta calidad, estampado HD y relleno suave.;Genérica;DAKI85-RAM;28;85;Fibra siliconada
DAKI85-EMILI;Dakimakura 85cm Simple Emilia Re:Zero;Emilia;Re:Zero;16599;26497;37;Blanco;;Dakimakura 85cm Simple de Emilia (Re:Zero). Confeccionado en tela de alta calidad, estampado HD y relleno suave.;Genérica;DAKI85-EMILI;28;85;Fibra siliconada
DAKI85-ECHID;Dakimakura 85cm Simple Echidna Re:Zero;Echidna;Re:Zero;16599;26497;38;Blanco;;Dakimakura 85cm Simple de Echidna (Re:Zero). Confeccionado en tela de alta calidad, estampado HD y relleno suave.;Genérica;DAKI85-ECHID;28;85;Fibra siliconada
DAKI85-GOJOS;Dakimakura 85cm Simple Gojo Satoru Jujutsu Kaisen;Gojo Satoru;Jujutsu Kaisen;16599;26497;49;Blanco;;Dakimakura 85cm Simple de Gojo Satoru (Jujutsu Kaisen). Confeccionado en tela de alta calidad, estampado HD y relleno suave.;Genérica;DAKI85-GOJOS;28;85;Fibra siliconada
DAKI85-TOJIF;Dakimakura 85cm Simple Toji Fushiguro Jujutsu Kaisen;Toji Fushiguro;Jujutsu Kaisen;16599;26497;52;Blanco;;Dakimakura 85cm Simple de Toji Fushiguro (Jujutsu Kaisen). Confeccionado en tela de alta calidad, estampado HD y relleno suave.;Genérica;DAKI85-TOJIF;28;85;Fibra siliconada
DAKI85-RYOME;Dakimakura 85cm Simple Ryomen Sukuna Jujutsu Kaisen;Ryomen Sukuna;Jujutsu Kaisen;16599;26497;51;Blanco;;Dakimakura 85cm Simple de Ryomen Sukuna (Jujutsu Kaisen). Confeccionado en tela de alta calidad, estampado HD y relleno suave.;Genérica;DAKI85-RYOME;28;85;Fibra siliconada
DAKI85-MAKIZ;Dakimakura 85cm Simple Maki Zenin Jujutsu Kaisen;Maki Zenin;Jujutsu Kaisen;16599;26497;48;Blanco;;Dakimakura 85cm Simple de Maki Zenin (Jujutsu Kaisen). Confeccionado en tela de alta calidad, estampado HD y relleno suave.;Genérica;DAKI85-MAKIZ;28;85;Fibra siliconada
DAKI85-NOBAR;Dakimakura 85cm Simple Nobara Kugisaki Jujutsu Kaisen;Nobara Kugisaki;Jujutsu Kaisen;16599;26497;53;Blanco;;Dakimakura 85cm Simple de Nobara Kugisaki (Jujutsu Kaisen). Confeccionado en tela de alta calidad, estampado HD y relleno suave.;Genérica;DAKI85-NOBAR;28;85;Fibra siliconada
DAKI85-NEZUK;Dakimakura 85cm Simple Nezuko Kamado Demon Slayer;Nezuko Kamado;Demon Slayer;16599;26497;49;Blanco;;Dakimakura 85cm Simple de Nezuko Kamado (Demon Slayer). Confeccionado en tela de alta calidad, estampado HD y relleno suave.;Genérica;DAKI85-NEZUK;28;85;Fibra siliconada
DAKI85-MITSU;Dakimakura 85cm Simple Mitsuri Kanroji Demon Slayer;Mitsuri Kanroji;Demon Slayer;16599;26497;51;Blanco;;Dakimakura 85cm Simple de Mitsuri Kanroji (Demon Slayer). Confeccionado en tela de alta calidad, estampado HD y relleno suave.;Genérica;DAKI85-MITSU;28;85;Fibra siliconada
DAKI85-SHINO;Dakimakura 85cm Simple Shinobu Kocho Demon Slayer;Shinobu Kocho;Demon Slayer;16599;26497;49;Blanco;;Dakimakura 85cm Simple de Shinobu Kocho (Demon Slayer). Confeccionado en tela de alta calidad, estampado HD y relleno suave.;Genérica;DAKI85-SHINO;28;85;Fibra siliconada
DAKI85-KANAO;Dakimakura 85cm Simple Kanao Tsuyuri Demon Slayer;Kanao Tsuyuri;Demon Slayer;16599;26497;49;Blanco;;Dakimakura 85cm Simple de Kanao Tsuyuri (Demon Slayer). Confeccionado en tela de alta calidad, estampado HD y relleno suave.;Genérica;DAKI85-KANAO;28;85;Fibra siliconada
DAKI85-MAKIM;Dakimakura 85cm Simple Makima Chainsaw Man;Makima;Chainsaw Man;16599;26497;42;Blanco;;Dakimakura 85cm Simple de Makima (Chainsaw Man). Confeccionado en tela de alta calidad, estampado HD y relleno suave.;Genérica;DAKI85-MAKIM;28;85;Fibra siliconada
DAKI85-POWER;Dakimakura 85cm Simple Power Chainsaw Man;Power;Chainsaw Man;16599;26497;41;Blanco;;Dakimakura 85cm Simple de Power (Chainsaw Man). Confeccionado en tela de alta calidad, estampado HD y relleno suave.;Genérica;DAKI85-POWER;28;85;Fibra siliconada
DAKI85-REZE;Dakimakura 85cm Simple Reze Chainsaw Man;Reze;Chainsaw Man;16599;26497;40;Blanco;;Dakimakura 85cm Simple de Reze (Chainsaw Man). Confeccionado en tela de alta calidad, estampado HD y relleno suave.;Genérica;DAKI85-REZE;28;85;Fibra siliconada
DAKI85-FRIER;Dakimakura 85cm Simple Frieren Sousou no Frieren;Frieren;Sousou no Frieren;16599;26497;48;Blanco;;Dakimakura 85cm Simple de Frieren (Sousou no Frieren). Confeccionado en tela de alta calidad, estampado HD y relleno suave.;Genérica;DAKI85-FRIER;28;85;Fibra siliconada
DAKI85-FERN;Dakimakura 85cm Simple Fern Sousou no Frieren;Fern;Sousou no Frieren;16599;26497;45;Blanco;;Dakimakura 85cm Simple de Fern (Sousou no Frieren). Confeccionado en tela de alta calidad, estampado HD y relleno suave.;Genérica;DAKI85-FERN;28;85;Fibra siliconada
DAKI85-YORFO;Dakimakura 85cm Simple Yor Forger Spy x Family;Yor Forger;Spy x Family;16599;26497;46;Blanco;;Dakimakura 85cm Simple de Yor Forger (Spy x Family). Confeccionado en tela de alta calidad, estampado HD y relleno suave.;Genérica;DAKI85-YORFO;28;85;Fibra siliconada
DAKI85-HATSU;Dakimakura 85cm Simple Hatsune Miku Vocaloid;Hatsune Miku;Vocaloid;16599;26497;44;Blanco;;Dakimakura 85cm Simple de Hatsune Miku (Vocaloid). Confeccionado en tela de alta calidad, estampado HD y relleno suave.;Genérica;DAKI85-HATSU;28;85;Fibra siliconada
DAKI85-2B;Dakimakura 85cm Simple 2B NieR Automata;2B;NieR Automata;16599;26497;39;Blanco;;Dakimakura 85cm Simple de 2B (NieR Automata). Confeccionado en tela de alta calidad, estampado HD y relleno suave.;Genérica;DAKI85-2B;28;85;Fibra siliconada
DAKI85-ASUKA;Dakimakura 85cm Simple Asuka Langley Evangelion;Asuka Langley;Evangelion;16599;26497;47;Blanco;;Dakimakura 85cm Simple de Asuka Langley (Evangelion). Confeccionado en tela de alta calidad, estampado HD y relleno suave.;Genérica;DAKI85-ASUKA;28;85;Fibra siliconada
DAKI85-REIAY;Dakimakura 85cm Simple Rei Ayanami Evangelion;Rei Ayanami;Evangelion;16599;26497;45;Blanco;;Dakimakura 85cm Simple de Rei Ayanami (Evangelion). Confeccionado en tela de alta calidad, estampado HD y relleno suave.;Genérica;DAKI85-REIAY;28;85;Fibra siliconada
DAKI85-ALBED;Dakimakura 85cm Simple Albedo Overlord;Albedo;Overlord;16599;26497;38;Blanco;;Dakimakura 85cm Simple de Albedo (Overlord). Confeccionado en tela de alta calidad, estampado HD y relleno suave.;Genérica;DAKI85-ALBED;28;85;Fibra siliconada
DAKI85-MARIN;Dakimakura 85cm Simple Marin Kitagawa My Dress-Up Darling;Marin Kitagawa;My Dress-Up Darling;16599;26497;57;Blanco;;Dakimakura 85cm Simple de Marin Kitagawa (My Dress-Up Darling). Confeccionado en tela de alta calidad, estampado HD y relleno suave.;Genérica;DAKI85-MARIN;28;85;Fibra siliconada
DAKI85-ARTOR;Dakimakura 85cm Simple Artoria Pendragon Fate Stay Night;Artoria Pendragon;Fate Stay Night;16599;26497;56;Blanco;;Dakimakura 85cm Simple de Artoria Pendragon (Fate Stay Night). Confeccionado en tela de alta calidad, estampado HD y relleno suave.;Genérica;DAKI85-ARTOR;28;85;Fibra siliconada
DAKI85-JEANN;Dakimakura 85cm Simple Jeanne d'Arc Fate Grand Order;Jeanne d'Arc;Fate Grand Order;16599;26497;52;Blanco;;Dakimakura 85cm Simple de Jeanne d'Arc (Fate Grand Order). Confeccionado en tela de alta calidad, estampado HD y relleno suave.;Genérica;DAKI85-JEANN;28;85;Fibra siliconada
DAKI85-ASUNA;Dakimakura 85cm Simple Asuna Blue Archive;Asuna;Blue Archive;16599;26497;41;Blanco;;Dakimakura 85cm Simple de Asuna (Blue Archive). Confeccionado en tela de alta calidad, estampado HD y relleno suave.;Genérica;DAKI85-ASUNA;28;85;Fibra siliconada
DAKI85-KARIN;Dakimakura 85cm Simple Karin Blue Archive;Karin;Blue Archive;16599;26497;41;Blanco;;Dakimakura 85cm Simple de Karin (Blue Archive). Confeccionado en tela de alta calidad, estampado HD y relleno suave.;Genérica;DAKI85-KARIN;28;85;Fibra siliconada
DAKI85-MIKAS;Dakimakura 85cm Simple Mikasa Ackerman Attack on Titan;Mikasa Ackerman;Attack on Titan;16599;26497;54;Blanco;;Dakimakura 85cm Simple de Mikasa Ackerman (Attack on Titan). Confeccionado en tela de alta calidad, estampado HD y relleno suave.;Genérica;DAKI85-MIKAS;28;85;Fibra siliconada
DAKI85-LEVIA;Dakimakura 85cm Simple Levi Ackerman Attack on Titan;Levi Ackerman;Attack on Titan;16599;26497;52;Blanco;;Dakimakura 85cm Simple de Levi Ackerman (Attack on Titan). Confeccionado en tela de alta calidad, estampado HD y relleno suave.;Genérica;DAKI85-LEVIA;28;85;Fibra siliconada
DAKI85-NAMI;Dakimakura 85cm Simple Nami One Piece;Nami;One Piece;16599;26497;37;Blanco;;Dakimakura 85cm Simple de Nami (One Piece). Confeccionado en tela de alta calidad, estampado HD y relleno suave.;Genérica;DAKI85-NAMI;28;85;Fibra siliconada
DAKI85-NICOR;Dakimakura 85cm Simple Nico Robin One Piece;Nico Robin;One Piece;16599;26497;43;Blanco;;Dakimakura 85cm Simple de Nico Robin (One Piece). Confeccionado en tela de alta calidad, estampado HD y relleno suave.;Genérica;DAKI85-NICOR;28;85;Fibra siliconada
DAKI85-BOAHA;Dakimakura 85cm Simple Boa Hancock One Piece;Boa Hancock;One Piece;16599;26497;44;Blanco;;Dakimakura 85cm Simple de Boa Hancock (One Piece). Confeccionado en tela de alta calidad, estampado HD y relleno suave.;Genérica;DAKI85-BOAHA;28;85;Fibra siliconada
DAKI85-MEGUM;Dakimakura 85cm Simple Megumin Konosuba;Megumin;Konosuba;16599;26497;39;Blanco;;Dakimakura 85cm Simple de Megumin (Konosuba). Confeccionado en tela de alta calidad, estampado HD y relleno suave.;Genérica;DAKI85-MEGUM;28;85;Fibra siliconada
DAKI85-AQUA;Dakimakura 85cm Simple Aqua Konosuba;Aqua;Konosuba;16599;26497;36;Blanco;;Dakimakura 85cm Simple de Aqua (Konosuba). Confeccionado en tela de alta calidad, estampado HD y relleno suave.;Genérica;DAKI85-AQUA;28;85;Fibra siliconada
DAKI85-MIRKO;Dakimakura 85cm Simple Mirko My Hero Academia;Mirko;My Hero Academia;16599;26497;45;Blanco;;Dakimakura 85cm Simple de Mirko (My Hero Academia). Confeccionado en tela de alta calidad, estampado HD y relleno suave.;Genérica;DAKI85-MIRKO;28;85;Fibra siliconada
DAKI85-HIMIK;Dakimakura 85cm Simple Himiko Toga My Hero Academia;Himiko Toga;My Hero Academia;16599;26497;51;Blanco;;Dakimakura 85cm Simple de Himiko Toga (My Hero Academia). Confeccionado en tela de alta calidad, estampado HD y relleno suave.;Genérica;DAKI85-HIMIK;28;85;Fibra siliconada
DAKI85-HITOR;Dakimakura 85cm Simple Hitori Gotoh Bocchi the Rock!;Hitori Gotoh;Bocchi the Rock!;16599;26497;52;Blanco;;Dakimakura 85cm Simple de Hitori Gotoh (Bocchi the Rock!). Confeccionado en tela de alta calidad, estampado HD y relleno suave.;Genérica;DAKI85-HITOR;28;85;Fibra siliconada
FDAKI95D-KAFKA;Dakimakura (Funda + Almohada) 95cm Doble Kafka;Kafka;Honkai Star Rail;19819;30884;46;Blanco;https://i.postimg.cc/44F1tXPX/kafka.png;Dakimakura (Funda + Almohada) 95cm Doble de Kafka (Honkai Star Rail). Confeccionado en tela de alta calidad, estampado HD y relleno suave.;Genérica;FDAKI95D-KAFKA;30;95;Fibra siliconada
FDAKI95D-FIREF;Dakimakura (Funda + Almohada) 95cm Doble Firefly;Firefly;Honkai Star Rail;19819;30884;48;Blanco;https://example.com/firefly.jpg;Dakimakura (Funda + Almohada) 95cm Doble de Firefly (Honkai Star Rail). Confeccionado en tela de alta calidad, estampado HD y relleno suave.;Genérica;FDAKI95D-FIREF;30;95;Fibra siliconada
FDAKI95D-ACHER;Dakimakura (Funda + Almohada) 95cm Doble Acheron;Acheron;Honkai Star Rail;19819;30884;48;Blanco;https://example.com/acheron.jpg;Dakimakura (Funda + Almohada) 95cm Doble de Acheron (Honkai Star Rail). Confeccionado en tela de alta calidad, estampado HD y relleno suave.;Genérica;FDAKI95D-ACHER;30;95;Fibra siliconada
FDAKI95D-MARCH;Dakimakura (Funda + Almohada) 95cm Doble March 7th;March 7th;Honkai Star Rail;19819;30884;50;Blanco;https://example.com/march7th.jpg;Dakimakura (Funda + Almohada) 95cm Doble de March 7th (Honkai Star Rail). Confeccionado en tela de alta calidad, estampado HD y relleno suave.;Genérica;FDAKI95D-MARCH;30;95;Fibra siliconada
FDAKI95D-JINGL;Dakimakura (Funda + Almohada) 95cm Doble Jingliu;Jingliu;Honkai Star Rail;19819;30884;48;Blanco;https://example.com/jingliu.jpg;Dakimakura (Funda + Almohada) 95cm Doble de Jingliu (Honkai Star Rail). Confeccionado en tela de alta calidad, estampado HD y relleno suave.;Genérica;FDAKI95D-JINGL;30;95;Fibra siliconada
FDAKI95D-SPARK;Dakimakura (Funda + Almohada) 95cm Doble Sparkle;Sparkle;Honkai Star Rail;19819;30884;48;Blanco;https://example.com/sparkle.jpg;Dakimakura (Funda + Almohada) 95cm Doble de Sparkle (Honkai Star Rail). Confeccionado en tela de alta calidad, estampado HD y relleno suave.;Genérica;FDAKI95D-SPARK;30;95;Fibra siliconada
FDAKI95D-RUANM;Dakimakura (Funda + Almohada) 95cm Doble Ruan Mei;Ruan Mei;Honkai Star Rail;19819;30884;49;Blanco;https://example.com/ruanmei.jpg;Dakimakura (Funda + Almohada) 95cm Doble de Ruan Mei (Honkai Star Rail). Confeccionado en tela de alta calidad, estampado HD y relleno suave.;Genérica;FDAKI95D-RUANM;30;95;Fibra siliconada
FDAKI95D-BLACK;Dakimakura (Funda + Almohada) 95cm Doble Black Swan;Black Swan;Honkai Star Rail;19819;30884;51;Blanco;https://example.com/blackswan.jpg;Dakimakura (Funda + Almohada) 95cm Doble de Black Swan (Honkai Star Rail). Confeccionado en tela de alta calidad, estampado HD y relleno suave.;Genérica;FDAKI95D-BLACK;30;95;Fibra siliconada
FDAKI95D-BLADE;Dakimakura (Funda + Almohada) 95cm Doble Blade;Blade;Honkai Star Rail;19819;30884;46;Blanco;https://example.com/blade.jpg;Dakimakura (Funda + Almohada) 95cm Doble de Blade (Honkai Star Rail). Confeccionado en tela de alta calidad, estampado HD y relleno suave.;Genérica;FDAKI95D-BLADE;30;95;Fibra siliconada
FDAKI95D-DANHE;Dakimakura (Funda + Almohada) 95cm Doble Dan Heng;Dan Heng;Honkai Star Rail;19819;30884;49;Blanco;https://example.com/danheng.jpg;Dakimakura (Funda + Almohada) 95cm Doble de Dan Heng (Honkai Star Rail). Confeccionado en tela de alta calidad, estampado HD y relleno suave.;Genérica;FDAKI95D-DANHE;30;95;Fibra siliconada
FDAKI95D-RAIDE;Dakimakura (Funda + Almohada) 95cm Doble Raiden Shogun;Raiden Shogun;Genshin Impact;19819;30884;54;Blanco;https://example.com/raiden.jpg;Dakimakura (Funda + Almohada) 95cm Doble de Raiden Shogun (Genshin Impact). Confeccionado en tela de alta calidad, estampado HD y relleno suave.;Genérica;FDAKI95D-RAIDE;30;95;Fibra siliconada
FDAKI95D-HUTAO;Dakimakura (Funda + Almohada) 95cm Doble Hu Tao;Hu Tao;Genshin Impact;19819;30884;47;Blanco;https://example.com/hutao.jpg;Dakimakura (Funda + Almohada) 95cm Doble de Hu Tao (Genshin Impact). Confeccionado en tela de alta calidad, estampado HD y relleno suave.;Genérica;FDAKI95D-HUTAO;30;95;Fibra siliconada
FDAKI95D-FURIN;Dakimakura (Funda + Almohada) 95cm Doble Furina;Furina;Genshin Impact;19819;30884;47;Blanco;https://example.com/furina.jpg;Dakimakura (Funda + Almohada) 95cm Doble de Furina (Genshin Impact). Confeccionado en tela de alta calidad, estampado HD y relleno suave.;Genérica;FDAKI95D-FURIN;30;95;Fibra siliconada
FDAKI95D-YELAN;Dakimakura (Funda + Almohada) 95cm Doble Yelan;Yelan;Genshin Impact;19819;30884;46;Blanco;https://example.com/yelan.jpg;Dakimakura (Funda + Almohada) 95cm Doble de Yelan (Genshin Impact). Confeccionado en tela de alta calidad, estampado HD y relleno suave.;Genérica;FDAKI95D-YELAN;30;95;Fibra siliconada
FDAKI95D-GANYU;Dakimakura (Funda + Almohada) 95cm Doble Ganyu;Ganyu;Genshin Impact;19819;30884;46;Blanco;https://example.com/ganyu.jpg;Dakimakura (Funda + Almohada) 95cm Doble de Ganyu (Genshin Impact). Confeccionado en tela de alta calidad, estampado HD y relleno suave.;Genérica;FDAKI95D-GANYU;30;95;Fibra siliconada
FDAKI95D-SHENH;Dakimakura (Funda + Almohada) 95cm Doble Shenhe;Shenhe;Genshin Impact;19819;30884;47;Blanco;https://example.com/shenhe.jpg;Dakimakura (Funda + Almohada) 95cm Doble de Shenhe (Genshin Impact). Confeccionado en tela de alta calidad, estampado HD y relleno suave.;Genérica;FDAKI95D-SHENH;30;95;Fibra siliconada
FDAKI95D-ARLEC;Dakimakura (Funda + Almohada) 95cm Doble Arlecchino;Arlecchino;Genshin Impact;19819;30884;51;Blanco;https://example.com/arlecchino.jpg;Dakimakura (Funda + Almohada) 95cm Doble de Arlecchino (Genshin Impact). Confeccionado en tela de alta calidad, estampado HD y relleno suave.;Genérica;FDAKI95D-ARLEC;30;95;Fibra siliconada
FDAKI95D-NAHID;Dakimakura (Funda + Almohada) 95cm Doble Nahida;Nahida;Genshin Impact;19819;30884;47;Blanco;https://example.com/nahida.jpg;Dakimakura (Funda + Almohada) 95cm Doble de Nahida (Genshin Impact). Confeccionado en tela de alta calidad, estampado HD y relleno suave.;Genérica;FDAKI95D-NAHID;30;95;Fibra siliconada
FDAKI95D-ZHONG;Dakimakura (Funda + Almohada) 95cm Doble Zhongli;Zhongli;Genshin Impact;19819;30884;48;Blanco;https://example.com/zhongli.jpg;Dakimakura (Funda + Almohada) 95cm Doble de Zhongli (Genshin Impact). Confeccionado en tela de alta calidad, estampado HD y relleno suave.;Genérica;FDAKI95D-ZHONG;30;95;Fibra siliconada
FDAKI95D-NEUVI;Dakimakura (Funda + Almohada) 95cm Doble Neuvillette;Neuvillette;Genshin Impact;19819;30884;52;Blanco;https://example.com/neuvillette.jpg;Dakimakura (Funda + Almohada) 95cm Doble de Neuvillette (Genshin Impact). Confeccionado en tela de alta calidad, estampado HD y relleno suave.;Genérica;FDAKI95D-NEUVI;30;95;Fibra siliconada
FDAKI95D-REM;Dakimakura (Funda + Almohada) 95cm Doble Rem Re:Zero;Rem;Re:Zero;19819;30884;52;Blanco;;Dakimakura (Funda + Almohada) 95cm Doble de Rem (Re:Zero). Confeccionado en tela de alta calidad, estampado HD y relleno suave.;Genérica;FDAKI95D-REM;30;95;Fibra siliconada
FDAKI95D-RAM;Dakimakura (Funda + Almohada) 95cm Doble Ram Re:Zero;Ram;Re:Zero;19819;30884;52;Blanco;;Dakimakura (Funda + Almohada) 95cm Doble de Ram (Re:Zero). Confeccionado en tela de alta calidad, estampado HD y relleno suave.;Genérica;FDAKI95D-RAM;30;95;Fibra siliconada
FDAKI95D-EMILI;Dakimakura (Funda + Almohada) 95cm Doble Emilia Re:Zero;Emilia;Re:Zero;19819;30884;55;Blanco;;Dakimakura (Funda + Almohada) 95cm Doble de Emilia (Re:Zero). Confeccionado en tela de alta calidad, estampado HD y relleno suave.;Genérica;FDAKI95D-EMILI;30;95;Fibra siliconada
FDAKI95D-ECHID;Dakimakura (Funda + Almohada) 95cm Doble Echidna Re:Zero;Echidna;Re:Zero;19819;30884;56;Blanco;;Dakimakura (Funda + Almohada) 95cm Doble de Echidna (Re:Zero). Confeccionado en tela de alta calidad, estampado HD y relleno suave.;Genérica;FDAKI95D-ECHID;30;95;Fibra siliconada
FDAKI95D-GOJOS;Dakimakura (Funda + Almohada) 95cm Doble Gojo Satoru;Gojo Satoru;Jujutsu Kaisen;19819;30884;52;Blanco;;Dakimakura (Funda + Almohada) 95cm Doble de Gojo Satoru (Jujutsu Kaisen). Confeccionado en tela de alta calidad, estampado HD y relleno suave.;Genérica;FDAKI95D-GOJOS;30;95;Fibra siliconada
FDAKI95D-TOJIF;Dakimakura (Funda + Almohada) 95cm Doble Toji Fushiguro;Toji Fushiguro;Jujutsu Kaisen;19819;30884;55;Blanco;;Dakimakura (Funda + Almohada) 95cm Doble de Toji Fushiguro (Jujutsu Kaisen). Confeccionado en tela de alta calidad, estampado HD y relleno suave.;Genérica;FDAKI95D-TOJIF;30;95;Fibra siliconada
FDAKI95D-RYOME;Dakimakura (Funda + Almohada) 95cm Doble Ryomen Sukuna;Ryomen Sukuna;Jujutsu Kaisen;19819;30884;54;Blanco;;Dakimakura (Funda + Almohada) 95cm Doble de Ryomen Sukuna (Jujutsu Kaisen). Confeccionado en tela de alta calidad, estampado HD y relleno suave.;Genérica;FDAKI95D-RYOME;30;95;Fibra siliconada
FDAKI95D-MAKIZ;Dakimakura (Funda + Almohada) 95cm Doble Maki Zenin;Maki Zenin;Jujutsu Kaisen;19819;30884;51;Blanco;;Dakimakura (Funda + Almohada) 95cm Doble de Maki Zenin (Jujutsu Kaisen). Confeccionado en tela de alta calidad, estampado HD y relleno suave.;Genérica;FDAKI95D-MAKIZ;30;95;Fibra siliconada
FDAKI95D-NOBAR;Dakimakura (Funda + Almohada) 95cm Doble Nobara Kugisaki;Nobara Kugisaki;Jujutsu Kaisen;19819;30884;56;Blanco;;Dakimakura (Funda + Almohada) 95cm Doble de Nobara Kugisaki (Jujutsu Kaisen). Confeccionado en tela de alta calidad, estampado HD y relleno suave.;Genérica;FDAKI95D-NOBAR;30;95;Fibra siliconada
FDAKI95D-NEZUK;Dakimakura (Funda + Almohada) 95cm Doble Nezuko Kamado;Nezuko Kamado;Demon Slayer;19819;30884;54;Blanco;;Dakimakura (Funda + Almohada) 95cm Doble de Nezuko Kamado (Demon Slayer). Confeccionado en tela de alta calidad, estampado HD y relleno suave.;Genérica;FDAKI95D-NEZUK;30;95;Fibra siliconada
FDAKI95D-MITSU;Dakimakura (Funda + Almohada) 95cm Doble Mitsuri Kanroji;Mitsuri Kanroji;Demon Slayer;19819;30884;56;Blanco;;Dakimakura (Funda + Almohada) 95cm Doble de Mitsuri Kanroji (Demon Slayer). Confeccionado en tela de alta calidad, estampado HD y relleno suave.;Genérica;FDAKI95D-MITSU;30;95;Fibra siliconada
FDAKI95D-SHINO;Dakimakura (Funda + Almohada) 95cm Doble Shinobu Kocho;Shinobu Kocho;Demon Slayer;19819;30884;54;Blanco;;Dakimakura (Funda + Almohada) 95cm Doble de Shinobu Kocho (Demon Slayer). Confeccionado en tela de alta calidad, estampado HD y relleno suave.;Genérica;FDAKI95D-SHINO;30;95;Fibra siliconada
FDAKI95D-KANAO;Dakimakura (Funda + Almohada) 95cm Doble Kanao Tsuyuri;Kanao Tsuyuri;Demon Slayer;19819;30884;54;Blanco;;Dakimakura (Funda + Almohada) 95cm Doble de Kanao Tsuyuri (Demon Slayer). Confeccionado en tela de alta calidad, estampado HD y relleno suave.;Genérica;FDAKI95D-KANAO;30;95;Fibra siliconada
FDAKI95D-MAKIM;Dakimakura (Funda + Almohada) 95cm Doble Makima Chainsaw Man;Makima;Chainsaw Man;19819;30884;60;Blanco;;Dakimakura (Funda + Almohada) 95cm Doble de Makima (Chainsaw Man). Confeccionado en tela de alta calidad, estampado HD y relleno suave.;Genérica;FDAKI95D-MAKIM;30;95;Fibra siliconada
FDAKI95D-POWER;Dakimakura (Funda + Almohada) 95cm Doble Power Chainsaw Man;Power;Chainsaw Man;19819;30884;59;Blanco;;Dakimakura (Funda + Almohada) 95cm Doble de Power (Chainsaw Man). Confeccionado en tela de alta calidad, estampado HD y relleno suave.;Genérica;FDAKI95D-POWER;30;95;Fibra siliconada
FDAKI95D-REZE;Dakimakura (Funda + Almohada) 95cm Doble Reze Chainsaw Man;Reze;Chainsaw Man;19819;30884;58;Blanco;;Dakimakura (Funda + Almohada) 95cm Doble de Reze (Chainsaw Man). Confeccionado en tela de alta calidad, estampado HD y relleno suave.;Genérica;FDAKI95D-REZE;30;95;Fibra siliconada
FDAKI95D-FRIER;Dakimakura (Funda + Almohada) 95cm Doble Frieren;Frieren;Sousou no Frieren;19819;30884;48;Blanco;;Dakimakura (Funda + Almohada) 95cm Doble de Frieren (Sousou no Frieren). Confeccionado en tela de alta calidad, estampado HD y relleno suave.;Genérica;FDAKI95D-FRIER;30;95;Fibra siliconada
FDAKI95D-FERN;Dakimakura (Funda + Almohada) 95cm Doble Fern;Fern;Sousou no Frieren;19819;30884;45;Blanco;;Dakimakura (Funda + Almohada) 95cm Doble de Fern (Sousou no Frieren). Confeccionado en tela de alta calidad, estampado HD y relleno suave.;Genérica;FDAKI95D-FERN;30;95;Fibra siliconada
FDAKI95D-YORFO;Dakimakura (Funda + Almohada) 95cm Doble Yor Forger;Yor Forger;Spy x Family;19819;30884;51;Blanco;;Dakimakura (Funda + Almohada) 95cm Doble de Yor Forger (Spy x Family). Confeccionado en tela de alta calidad, estampado HD y relleno suave.;Genérica;FDAKI95D-YORFO;30;95;Fibra siliconada
FDAKI95D-HATSU;Dakimakura (Funda + Almohada) 95cm Doble Hatsune Miku;Hatsune Miku;Vocaloid;19819;30884;53;Blanco;;Dakimakura (Funda + Almohada) 95cm Doble de Hatsune Miku (Vocaloid). Confeccionado en tela de alta calidad, estampado HD y relleno suave.;Genérica;FDAKI95D-HATSU;30;95;Fibra siliconada
FDAKI95D-2B;Dakimakura (Funda + Almohada) 95cm Doble 2B NieR Automata;2B;NieR Automata;19819;30884;57;Blanco;;Dakimakura (Funda + Almohada) 95cm Doble de 2B (NieR Automata). Confeccionado en tela de alta calidad, estampado HD y relleno suave.;Genérica;FDAKI95D-2B;30;95;Fibra siliconada
FDAKI95D-ASUKA;Dakimakura (Funda + Almohada) 95cm Doble Asuka Langley;Asuka Langley;Evangelion;19819;30884;54;Blanco;;Dakimakura (Funda + Almohada) 95cm Doble de Asuka Langley (Evangelion). Confeccionado en tela de alta calidad, estampado HD y relleno suave.;Genérica;FDAKI95D-ASUKA;30;95;Fibra siliconada
FDAKI95D-REIAY;Dakimakura (Funda + Almohada) 95cm Doble Rei Ayanami;Rei Ayanami;Evangelion;19819;30884;52;Blanco;;Dakimakura (Funda + Almohada) 95cm Doble de Rei Ayanami (Evangelion). Confeccionado en tela de alta calidad, estampado HD y relleno suave.;Genérica;FDAKI95D-REIAY;30;95;Fibra siliconada
FDAKI95D-ALBED;Dakimakura (Funda + Almohada) 95cm Doble Albedo Overlord;Albedo;Overlord;19819;30884;56;Blanco;;Dakimakura (Funda + Almohada) 95cm Doble de Albedo (Overlord). Confeccionado en tela de alta calidad, estampado HD y relleno suave.;Genérica;FDAKI95D-ALBED;30;95;Fibra siliconada
FDAKI95D-MARIN;Dakimakura (Funda + Almohada) 95cm Doble Marin Kitagawa;Marin Kitagawa;My Dress-Up Darling;19819;30884;55;Blanco;;Dakimakura (Funda + Almohada) 95cm Doble de Marin Kitagawa (My Dress-Up Darling). Confeccionado en tela de alta calidad, estampado HD y relleno suave.;Genérica;FDAKI95D-MARIN;30;95;Fibra siliconada
FDAKI95D-ARTOR;Dakimakura (Funda + Almohada) 95cm Doble Artoria Pendragon;Artoria Pendragon;Fate Stay Night;19819;30884;58;Blanco;;Dakimakura (Funda + Almohada) 95cm Doble de Artoria Pendragon (Fate Stay Night). Confeccionado en tela de alta calidad, estampado HD y relleno suave.;Genérica;FDAKI95D-ARTOR;30;95;Fibra siliconada
FDAKI95D-JEANN;Dakimakura (Funda + Almohada) 95cm Doble Jeanne d'Arc;Jeanne d'Arc;Fate Grand Order;19819;30884;53;Blanco;;Dakimakura (Funda + Almohada) 95cm Doble de Jeanne d'Arc (Fate Grand Order). Confeccionado en tela de alta calidad, estampado HD y relleno suave.;Genérica;FDAKI95D-JEANN;30;95;Fibra siliconada
FDAKI95D-ASUNA;Dakimakura (Funda + Almohada) 95cm Doble Asuna Blue Archive;Asuna;Blue Archive;19819;30884;59;Blanco;;Dakimakura (Funda + Almohada) 95cm Doble de Asuna (Blue Archive). Confeccionado en tela de alta calidad, estampado HD y relleno suave.;Genérica;FDAKI95D-ASUNA;30;95;Fibra siliconada
FDAKI95D-KARIN;Dakimakura (Funda + Almohada) 95cm Doble Karin Blue Archive;Karin;Blue Archive;19819;30884;59;Blanco;;Dakimakura (Funda + Almohada) 95cm Doble de Karin (Blue Archive). Confeccionado en tela de alta calidad, estampado HD y relleno suave.;Genérica;FDAKI95D-KARIN;30;95;Fibra siliconada
FDAKI95D-MIKAS;Dakimakura (Funda + Almohada) 95cm Doble Mikasa Ackerman;Mikasa Ackerman;Attack on Titan;19819;30884;56;Blanco;;Dakimakura (Funda + Almohada) 95cm Doble de Mikasa Ackerman (Attack on Titan). Confeccionado en tela de alta calidad, estampado HD y relleno suave.;Genérica;FDAKI95D-MIKAS;30;95;Fibra siliconada
FDAKI95D-LEVIA;Dakimakura (Funda + Almohada) 95cm Doble Levi Ackerman;Levi Ackerman;Attack on Titan;19819;30884;54;Blanco;;Dakimakura (Funda + Almohada) 95cm Doble de Levi Ackerman (Attack on Titan). Confeccionado en tela de alta calidad, estampado HD y relleno suave.;Genérica;FDAKI95D-LEVIA;30;95;Fibra siliconada
FDAKI95D-NAMI;Dakimakura (Funda + Almohada) 95cm Doble Nami One Piece;Nami;One Piece;19819;30884;55;Blanco;;Dakimakura (Funda + Almohada) 95cm Doble de Nami (One Piece). Confeccionado en tela de alta calidad, estampado HD y relleno suave.;Genérica;FDAKI95D-NAMI;30;95;Fibra siliconada
FDAKI95D-NICOR;Dakimakura (Funda + Almohada) 95cm Doble Nico Robin;Nico Robin;One Piece;19819;30884;51;Blanco;;Dakimakura (Funda + Almohada) 95cm Doble de Nico Robin (One Piece). Confeccionado en tela de alta calidad, estampado HD y relleno suave.;Genérica;FDAKI95D-NICOR;30;95;Fibra siliconada
FDAKI95D-BOAHA;Dakimakura (Funda + Almohada) 95cm Doble Boa Hancock;Boa Hancock;One Piece;19819;30884;52;Blanco;;Dakimakura (Funda + Almohada) 95cm Doble de Boa Hancock (One Piece). Confeccionado en tela de alta calidad, estampado HD y relleno suave.;Genérica;FDAKI95D-BOAHA;30;95;Fibra siliconada
FDAKI95D-MEGUM;Dakimakura (Funda + Almohada) 95cm Doble Megumin Konosuba;Megumin;Konosuba;19819;30884;57;Blanco;;Dakimakura (Funda + Almohada) 95cm Doble de Megumin (Konosuba). Confeccionado en tela de alta calidad, estampado HD y relleno suave.;Genérica;FDAKI95D-MEGUM;30;95;Fibra siliconada
FDAKI95D-AQUA;Dakimakura (Funda + Almohada) 95cm Doble Aqua Konosuba;Aqua;Konosuba;19819;30884;54;Blanco;;Dakimakura (Funda + Almohada) 95cm Doble de Aqua (Konosuba). Confeccionado en tela de alta calidad, estampado HD y relleno suave.;Genérica;FDAKI95D-AQUA;30;95;Fibra siliconada
FDAKI95D-MIRKO;Dakimakura (Funda + Almohada) 95cm Doble Mirko;Mirko;My Hero Academia;19819;30884;46;Blanco;;Dakimakura (Funda + Almohada) 95cm Doble de Mirko (My Hero Academia). Confeccionado en tela de alta calidad, estampado HD y relleno suave.;Genérica;FDAKI95D-MIRKO;30;95;Fibra siliconada
FDAKI95D-HIMIK;Dakimakura (Funda + Almohada) 95cm Doble Himiko Toga;Himiko Toga;My Hero Academia;19819;30884;52;Blanco;;Dakimakura (Funda + Almohada) 95cm Doble de Himiko Toga (My Hero Academia). Confeccionado en tela de alta calidad, estampado HD y relleno suave.;Genérica;FDAKI95D-HIMIK;30;95;Fibra siliconada
FDAKI95D-HITOR;Dakimakura (Funda + Almohada) 95cm Doble Hitori Gotoh;Hitori Gotoh;Bocchi the Rock!;19819;30884;53;Blanco;;Dakimakura (Funda + Almohada) 95cm Doble de Hitori Gotoh (Bocchi the Rock!). Confeccionado en tela de alta calidad, estampado HD y relleno suave.;Genérica;FDAKI95D-HITOR;30;95;Fibra siliconada
DAKI6020-KAFKA;Almohada Daki 60x20cm Kafka Honkai Star Rail;Kafka;Honkai Star Rail;9870;17330;44;Blanco;https://i.postimg.cc/44F1tXPX/kafka.png;Almohada Daki 60x20cm de Kafka (Honkai Star Rail). Confeccionado en tela de alta calidad, estampado HD y relleno suave.;Genérica;DAKI6020-KAFKA;20;60;Fibra siliconada
DAKI6020-FIREF;Almohada Daki 60x20cm Firefly Honkai Star Rail;Firefly;Honkai Star Rail;9870;17330;46;Blanco;https://example.com/firefly.jpg;Almohada Daki 60x20cm de Firefly (Honkai Star Rail). Confeccionado en tela de alta calidad, estampado HD y relleno suave.;Genérica;DAKI6020-FIREF;20;60;Fibra siliconada
DAKI6020-ACHER;Almohada Daki 60x20cm Acheron Honkai Star Rail;Acheron;Honkai Star Rail;9870;17330;46;Blanco;https://example.com/acheron.jpg;Almohada Daki 60x20cm de Acheron (Honkai Star Rail). Confeccionado en tela de alta calidad, estampado HD y relleno suave.;Genérica;DAKI6020-ACHER;20;60;Fibra siliconada
DAKI6020-MARCH;Almohada Daki 60x20cm March 7th Honkai Star Rail;March 7th;Honkai Star Rail;9870;17330;48;Blanco;https://example.com/march7th.jpg;Almohada Daki 60x20cm de March 7th (Honkai Star Rail). Confeccionado en tela de alta calidad, estampado HD y relleno suave.;Genérica;DAKI6020-MARCH;20;60;Fibra siliconada
DAKI6020-JINGL;Almohada Daki 60x20cm Jingliu Honkai Star Rail;Jingliu;Honkai Star Rail;9870;17330;46;Blanco;https://example.com/jingliu.jpg;Almohada Daki 60x20cm de Jingliu (Honkai Star Rail). Confeccionado en tela de alta calidad, estampado HD y relleno suave.;Genérica;DAKI6020-JINGL;20;60;Fibra siliconada
DAKI6020-SPARK;Almohada Daki 60x20cm Sparkle Honkai Star Rail;Sparkle;Honkai Star Rail;9870;17330;46;Blanco;https://example.com/sparkle.jpg;Almohada Daki 60x20cm de Sparkle (Honkai Star Rail). Confeccionado en tela de alta calidad, estampado HD y relleno suave.;Genérica;DAKI6020-SPARK;20;60;Fibra siliconada
DAKI6020-RUANM;Almohada Daki 60x20cm Ruan Mei Honkai Star Rail;Ruan Mei;Honkai Star Rail;9870;17330;47;Blanco;https://example.com/ruanmei.jpg;Almohada Daki 60x20cm de Ruan Mei (Honkai Star Rail). Confeccionado en tela de alta calidad, estampado HD y relleno suave.;Genérica;DAKI6020-RUANM;20;60;Fibra siliconada
DAKI6020-BLACK;Almohada Daki 60x20cm Black Swan Honkai Star Rail;Black Swan;Honkai Star Rail;9870;17330;49;Blanco;https://example.com/blackswan.jpg;Almohada Daki 60x20cm de Black Swan (Honkai Star Rail). Confeccionado en tela de alta calidad, estampado HD y relleno suave.;Genérica;DAKI6020-BLACK;20;60;Fibra siliconada
DAKI6020-BLADE;Almohada Daki 60x20cm Blade Honkai Star Rail;Blade;Honkai Star Rail;9870;17330;44;Blanco;https://example.com/blade.jpg;Almohada Daki 60x20cm de Blade (Honkai Star Rail). Confeccionado en tela de alta calidad, estampado HD y relleno suave.;Genérica;DAKI6020-BLADE;20;60;Fibra siliconada
DAKI6020-DANHE;Almohada Daki 60x20cm Dan Heng Honkai Star Rail;Dan Heng;Honkai Star Rail;9870;17330;47;Blanco;https://example.com/danheng.jpg;Almohada Daki 60x20cm de Dan Heng (Honkai Star Rail). Confeccionado en tela de alta calidad, estampado HD y relleno suave.;Genérica;DAKI6020-DANHE;20;60;Fibra siliconada
DAKI6020-RAIDE;Almohada Daki 60x20cm Raiden Shogun Genshin Impact;Raiden Shogun;Genshin Impact;9870;17330;50;Blanco;https://example.com/raiden.jpg;Almohada Daki 60x20cm de Raiden Shogun (Genshin Impact). Confeccionado en tela de alta calidad, estampado HD y relleno suave.;Genérica;DAKI6020-RAIDE;20;60;Fibra siliconada
DAKI6020-HUTAO;Almohada Daki 60x20cm Hu Tao Genshin Impact;Hu Tao;Genshin Impact;9870;17330;43;Blanco;https://example.com/hutao.jpg;Almohada Daki 60x20cm de Hu Tao (Genshin Impact). Confeccionado en tela de alta calidad, estampado HD y relleno suave.;Genérica;DAKI6020-HUTAO;20;60;Fibra siliconada
DAKI6020-FURIN;Almohada Daki 60x20cm Furina Genshin Impact;Furina;Genshin Impact;9870;17330;43;Blanco;https://example.com/furina.jpg;Almohada Daki 60x20cm de Furina (Genshin Impact). Confeccionado en tela de alta calidad, estampado HD y relleno suave.;Genérica;DAKI6020-FURIN;20;60;Fibra siliconada
DAKI6020-YELAN;Almohada Daki 60x20cm Yelan Genshin Impact;Yelan;Genshin Impact;9870;17330;42;Blanco;https://example.com/yelan.jpg;Almohada Daki 60x20cm de Yelan (Genshin Impact). Confeccionado en tela de alta calidad, estampado HD y relleno suave.;Genérica;DAKI6020-YELAN;20;60;Fibra siliconada
DAKI6020-GANYU;Almohada Daki 60x20cm Ganyu Genshin Impact;Ganyu;Genshin Impact;9870;17330;42;Blanco;https://example.com/ganyu.jpg;Almohada Daki 60x20cm de Ganyu (Genshin Impact). Confeccionado en tela de alta calidad, estampado HD y relleno suave.;Genérica;DAKI6020-GANYU;20;60;Fibra siliconada
DAKI6020-SHENH;Almohada Daki 60x20cm Shenhe Genshin Impact;Shenhe;Genshin Impact;9870;17330;43;Blanco;https://example.com/shenhe.jpg;Almohada Daki 60x20cm de Shenhe (Genshin Impact). Confeccionado en tela de alta calidad, estampado HD y relleno suave.;Genérica;DAKI6020-SHENH;20;60;Fibra siliconada
DAKI6020-ARLEC;Almohada Daki 60x20cm Arlecchino Genshin Impact;Arlecchino;Genshin Impact;9870;17330;47;Blanco;https://example.com/arlecchino.jpg;Almohada Daki 60x20cm de Arlecchino (Genshin Impact). Confeccionado en tela de alta calidad, estampado HD y relleno suave.;Genérica;DAKI6020-ARLEC;20;60;Fibra siliconada
DAKI6020-NAHID;Almohada Daki 60x20cm Nahida Genshin Impact;Nahida;Genshin Impact;9870;17330;43;Blanco;https://example.com/nahida.jpg;Almohada Daki 60x20cm de Nahida (Genshin Impact). Confeccionado en tela de alta calidad, estampado HD y relleno suave.;Genérica;DAKI6020-NAHID;20;60;Fibra siliconada
DAKI6020-ZHONG;Almohada Daki 60x20cm Zhongli Genshin Impact;Zhongli;Genshin Impact;9870;17330;44;Blanco;https://example.com/zhongli.jpg;Almohada Daki 60x20cm de Zhongli (Genshin Impact). Confeccionado en tela de alta calidad, estampado HD y relleno suave.;Genérica;DAKI6020-ZHONG;20;60;Fibra siliconada
DAKI6020-NEUVI;Almohada Daki 60x20cm Neuvillette Genshin Impact;Neuvillette;Genshin Impact;9870;17330;48;Blanco;https://example.com/neuvillette.jpg;Almohada Daki 60x20cm de Neuvillette (Genshin Impact). Confeccionado en tela de alta calidad, estampado HD y relleno suave.;Genérica;DAKI6020-NEUVI;20;60;Fibra siliconada
DAKI6020-REM;Almohada Daki 60x20cm Rem Re:Zero;Rem;Re:Zero;9870;17330;33;Blanco;;Almohada Daki 60x20cm de Rem (Re:Zero). Confeccionado en tela de alta calidad, estampado HD y relleno suave.;Genérica;DAKI6020-REM;20;60;Fibra siliconada
DAKI6020-RAM;Almohada Daki 60x20cm Ram Re:Zero;Ram;Re:Zero;9870;17330;33;Blanco;;Almohada Daki 60x20cm de Ram (Re:Zero). Confeccionado en tela de alta calidad, estampado HD y relleno suave.;Genérica;DAKI6020-RAM;20;60;Fibra siliconada
DAKI6020-EMILI;Almohada Daki 60x20cm Emilia Re:Zero;Emilia;Re:Zero;9870;17330;36;Blanco;;Almohada Daki 60x20cm de Emilia (Re:Zero). Confeccionado en tela de alta calidad, estampado HD y relleno suave.;Genérica;DAKI6020-EMILI;20;60;Fibra siliconada
DAKI6020-ECHID;Almohada Daki 60x20cm Echidna Re:Zero;Echidna;Re:Zero;9870;17330;37;Blanco;;Almohada Daki 60x20cm de Echidna (Re:Zero). Confeccionado en tela de alta calidad, estampado HD y relleno suave.;Genérica;DAKI6020-ECHID;20;60;Fibra siliconada
DAKI6020-GOJOS;Almohada Daki 60x20cm Gojo Satoru Jujutsu Kaisen;Gojo Satoru;Jujutsu Kaisen;9870;17330;48;Blanco;;Almohada Daki 60x20cm de Gojo Satoru (Jujutsu Kaisen). Confeccionado en tela de alta calidad, estampado HD y relleno suave.;Genérica;DAKI6020-GOJOS;20;60;Fibra siliconada
DAKI6020-TOJIF;Almohada Daki 60x20cm Toji Fushiguro Jujutsu Kaisen;Toji Fushiguro;Jujutsu Kaisen;9870;17330;51;Blanco;;Almohada Daki 60x20cm de Toji Fushiguro (Jujutsu Kaisen). Confeccionado en tela de alta calidad, estampado HD y relleno suave.;Genérica;DAKI6020-TOJIF;20;60;Fibra siliconada
DAKI6020-RYOME;Almohada Daki 60x20cm Ryomen Sukuna Jujutsu Kaisen;Ryomen Sukuna;Jujutsu Kaisen;9870;17330;50;Blanco;;Almohada Daki 60x20cm de Ryomen Sukuna (Jujutsu Kaisen). Confeccionado en tela de alta calidad, estampado HD y relleno suave.;Genérica;DAKI6020-RYOME;20;60;Fibra siliconada
DAKI6020-MAKIZ;Almohada Daki 60x20cm Maki Zenin Jujutsu Kaisen;Maki Zenin;Jujutsu Kaisen;9870;17330;47;Blanco;;Almohada Daki 60x20cm de Maki Zenin (Jujutsu Kaisen). Confeccionado en tela de alta calidad, estampado HD y relleno suave.;Genérica;DAKI6020-MAKIZ;20;60;Fibra siliconada
DAKI6020-NOBAR;Almohada Daki 60x20cm Nobara Kugisaki Jujutsu Kaisen;Nobara Kugisaki;Jujutsu Kaisen;9870;17330;52;Blanco;;Almohada Daki 60x20cm de Nobara Kugisaki (Jujutsu Kaisen). Confeccionado en tela de alta calidad, estampado HD y relleno suave.;Genérica;DAKI6020-NOBAR;20;60;Fibra siliconada
DAKI6020-NEZUK;Almohada Daki 60x20cm Nezuko Kamado Demon Slayer;Nezuko Kamado;Demon Slayer;9870;17330;48;Blanco;;Almohada Daki 60x20cm de Nezuko Kamado (Demon Slayer). Confeccionado en tela de alta calidad, estampado HD y relleno suave.;Genérica;DAKI6020-NEZUK;20;60;Fibra siliconada
DAKI6020-MITSU;Almohada Daki 60x20cm Mitsuri Kanroji Demon Slayer;Mitsuri Kanroji;Demon Slayer;9870;17330;50;Blanco;;Almohada Daki 60x20cm de Mitsuri Kanroji (Demon Slayer). Confeccionado en tela de alta calidad, estampado HD y relleno suave.;Genérica;DAKI6020-MITSU;20;60;Fibra siliconada
DAKI6020-SHINO;Almohada Daki 60x20cm Shinobu Kocho Demon Slayer;Shinobu Kocho;Demon Slayer;9870;17330;48;Blanco;;Almohada Daki 60x20cm de Shinobu Kocho (Demon Slayer). Confeccionado en tela de alta calidad, estampado HD y relleno suave.;Genérica;DAKI6020-SHINO;20;60;Fibra siliconada
DAKI6020-KANAO;Almohada Daki 60x20cm Kanao Tsuyuri Demon Slayer;Kanao Tsuyuri;Demon Slayer;9870;17330;48;Blanco;;Almohada Daki 60x20cm de Kanao Tsuyuri (Demon Slayer). Confeccionado en tela de alta calidad, estampado HD y relleno suave.;Genérica;DAKI6020-KANAO;20;60;Fibra siliconada
DAKI6020-MAKIM;Almohada Daki 60x20cm Makima Chainsaw Man;Makima;Chainsaw Man;9870;17330;41;Blanco;;Almohada Daki 60x20cm de Makima (Chainsaw Man). Confeccionado en tela de alta calidad, estampado HD y relleno suave.;Genérica;DAKI6020-MAKIM;20;60;Fibra siliconada
DAKI6020-POWER;Almohada Daki 60x20cm Power Chainsaw Man;Power;Chainsaw Man;9870;17330;40;Blanco;;Almohada Daki 60x20cm de Power (Chainsaw Man). Confeccionado en tela de alta calidad, estampado HD y relleno suave.;Genérica;DAKI6020-POWER;20;60;Fibra siliconada
DAKI6020-REZE;Almohada Daki 60x20cm Reze Chainsaw Man;Reze;Chainsaw Man;9870;17330;39;Blanco;;Almohada Daki 60x20cm de Reze (Chainsaw Man). Confeccionado en tela de alta calidad, estampado HD y relleno suave.;Genérica;DAKI6020-REZE;20;60;Fibra siliconada
DAKI6020-FRIER;Almohada Daki 60x20cm Frieren Sousou no Frieren;Frieren;Sousou no Frieren;9870;17330;47;Blanco;;Almohada Daki 60x20cm de Frieren (Sousou no Frieren). Confeccionado en tela de alta calidad, estampado HD y relleno suave.;Genérica;DAKI6020-FRIER;20;60;Fibra siliconada
DAKI6020-FERN;Almohada Daki 60x20cm Fern Sousou no Frieren;Fern;Sousou no Frieren;9870;17330;44;Blanco;;Almohada Daki 60x20cm de Fern (Sousou no Frieren). Confeccionado en tela de alta calidad, estampado HD y relleno suave.;Genérica;DAKI6020-FERN;20;60;Fibra siliconada
DAKI6020-YORFO;Almohada Daki 60x20cm Yor Forger Spy x Family;Yor Forger;Spy x Family;9870;17330;45;Blanco;;Almohada Daki 60x20cm de Yor Forger (Spy x Family). Confeccionado en tela de alta calidad, estampado HD y relleno suave.;Genérica;DAKI6020-YORFO;20;60;Fibra siliconada
DAKI6020-HATSU;Almohada Daki 60x20cm Hatsune Miku Vocaloid;Hatsune Miku;Vocaloid;9870;17330;43;Blanco;;Almohada Daki 60x20cm de Hatsune Miku (Vocaloid). Confeccionado en tela de alta calidad, estampado HD y relleno suave.;Genérica;DAKI6020-HATSU;20;60;Fibra siliconada
DAKI6020-2B;Almohada Daki 60x20cm 2B NieR Automata;2B;NieR Automata;9870;17330;38;Blanco;;Almohada Daki 60x20cm de 2B (NieR Automata). Confeccionado en tela de alta calidad, estampado HD y relleno suave.;Genérica;DAKI6020-2B;20;60;Fibra siliconada
DAKI6020-ASUKA;Almohada Daki 60x20cm Asuka Langley Evangelion;Asuka Langley;Evangelion;9870;17330;46;Blanco;;Almohada Daki 60x20cm de Asuka Langley (Evangelion). Confeccionado en tela de alta calidad, estampado HD y relleno suave.;Genérica;DAKI6020-ASUKA;20;60;Fibra siliconada
DAKI6020-REIAY;Almohada Daki 60x20cm Rei Ayanami Evangelion;Rei Ayanami;Evangelion;9870;17330;44;Blanco;;Almohada Daki 60x20cm de Rei Ayanami (Evangelion). Confeccionado en tela de alta calidad, estampado HD y relleno suave.;Genérica;DAKI6020-REIAY;20;60;Fibra siliconada
DAKI6020-ALBED;Almohada Daki 60x20cm Albedo Overlord;Albedo;Overlord;9870;17330;37;Blanco;;Almohada Daki 60x20cm de Albedo (Overlord). Confeccionado en tela de alta calidad, estampado HD y relleno suave.;Genérica;DAKI6020-ALBED;20;60;Fibra siliconada
DAKI6020-MARIN;Almohada Daki 60x20cm Marin Kitagawa My Dress-Up Darling;Marin Kitagawa;My Dress-Up Darling;9870;17330;56;Blanco;;Almohada Daki 60x20cm de Marin Kitagawa (My Dress-Up Darling). Confeccionado en tela de alta calidad, estampado HD y relleno suave.;Genérica;DAKI6020-MARIN;20;60;Fibra siliconada
DAKI6020-ARTOR;Almohada Daki 60x20cm Artoria Pendragon Fate Stay Night;Artoria Pendragon;Fate Stay Night;9870;17330;55;Blanco;;Almohada Daki 60x20cm de Artoria Pendragon (Fate Stay Night). Confeccionado en tela de alta calidad, estampado HD y relleno suave.;Genérica;DAKI6020-ARTOR;20;60;Fibra siliconada
DAKI6020-JEANN;Almohada Daki 60x20cm Jeanne d'Arc Fate Grand Order;Jeanne d'Arc;Fate Grand Order;9870;17330;51;Blanco;;Almohada Daki 60x20cm de Jeanne d'Arc (Fate Grand Order). Confeccionado en tela de alta calidad, estampado HD y relleno suave.;Genérica;DAKI6020-JEANN;20;60;Fibra siliconada
DAKI6020-ASUNA;Almohada Daki 60x20cm Asuna Blue Archive;Asuna;Blue Archive;9870;17330;40;Blanco;;Almohada Daki 60x20cm de Asuna (Blue Archive). Confeccionado en tela de alta calidad, estampado HD y relleno suave.;Genérica;DAKI6020-ASUNA;20;60;Fibra siliconada
DAKI6020-KARIN;Almohada Daki 60x20cm Karin Blue Archive;Karin;Blue Archive;9870;17330;40;Blanco;;Almohada Daki 60x20cm de Karin (Blue Archive). Confeccionado en tela de alta calidad, estampado HD y relleno suave.;Genérica;DAKI6020-KARIN;20;60;Fibra siliconada
DAKI6020-MIKAS;Almohada Daki 60x20cm Mikasa Ackerman Attack on Titan;Mikasa Ackerman;Attack on Titan;9870;17330;53;Blanco;;Almohada Daki 60x20cm de Mikasa Ackerman (Attack on Titan). Confeccionado en tela de alta calidad, estampado HD y relleno suave.;Genérica;DAKI6020-MIKAS;20;60;Fibra siliconada
DAKI6020-LEVIA;Almohada Daki 60x20cm Levi Ackerman Attack on Titan;Levi Ackerman;Attack on Titan;9870;17330;51;Blanco;;Almohada Daki 60x20cm de Levi Ackerman (Attack on Titan). Confeccionado en tela de alta calidad, estampado HD y relleno suave.;Genérica;DAKI6020-LEVIA;20;60;Fibra siliconada
DAKI6020-NAMI;Almohada Daki 60x20cm Nami One Piece;Nami;One Piece;9870;17330;36;Blanco;;Almohada Daki 60x20cm de Nami (One Piece). Confeccionado en tela de alta calidad, estampado HD y relleno suave.;Genérica;DAKI6020-NAMI;20;60;Fibra siliconada
DAKI6020-NICOR;Almohada Daki 60x20cm Nico Robin One Piece;Nico Robin;One Piece;9870;17330;42;Blanco;;Almohada Daki 60x20cm de Nico Robin (One Piece). Confeccionado en tela de alta calidad, estampado HD y relleno suave.;Genérica;DAKI6020-NICOR;20;60;Fibra siliconada
DAKI6020-BOAHA;Almohada Daki 60x20cm Boa Hancock One Piece;Boa Hancock;One Piece;9870;17330;43;Blanco;;Almohada Daki 60x20cm de Boa Hancock (One Piece). Confeccionado en tela de alta calidad, estampado HD y relleno suave.;Genérica;DAKI6020-BOAHA;20;60;Fibra siliconada
DAKI6020-MEGUM;Almohada Daki 60x20cm Megumin Konosuba;Megumin;Konosuba;9870;17330;38;Blanco;;Almohada Daki 60x20cm de Megumin (Konosuba). Confeccionado en tela de alta calidad, estampado HD y relleno suave.;Genérica;DAKI6020-MEGUM;20;60;Fibra siliconada
DAKI6020-AQUA;Almohada Daki 60x20cm Aqua Konosuba;Aqua;Konosuba;9870;17330;35;Blanco;;Almohada Daki 60x20cm de Aqua (Konosuba). Confeccionado en tela de alta calidad, estampado HD y relleno suave.;Genérica;DAKI6020-AQUA;20;60;Fibra siliconada
DAKI6020-MIRKO;Almohada Daki 60x20cm Mirko My Hero Academia;Mirko;My Hero Academia;9870;17330;44;Blanco;;Almohada Daki 60x20cm de Mirko (My Hero Academia). Confeccionado en tela de alta calidad, estampado HD y relleno suave.;Genérica;DAKI6020-MIRKO;20;60;Fibra siliconada
DAKI6020-HIMIK;Almohada Daki 60x20cm Himiko Toga My Hero Academia;Himiko Toga;My Hero Academia;9870;17330;50;Blanco;;Almohada Daki 60x20cm de Himiko Toga (My Hero Academia). Confeccionado en tela de alta calidad, estampado HD y relleno suave.;Genérica;DAKI6020-HIMIK;20;60;Fibra siliconada
DAKI6020-HITOR;Almohada Daki 60x20cm Hitori Gotoh Bocchi the Rock!;Hitori Gotoh;Bocchi the Rock!;9870;17330;51;Blanco;;Almohada Daki 60x20cm de Hitori Gotoh (Bocchi the Rock!). Confeccionado en tela de alta calidad, estampado HD y relleno suave.;Genérica;DAKI6020-HITOR;20;60;Fibra siliconada
FU10S-KAFKA;Funda 100cm x 30cm (Simple) Kafka Honkai Star Rail;Kafka;Honkai Star Rail;8949;16074;50;Blanco;https://i.postimg.cc/44F1tXPX/kafka.png;Funda 100cm x 30cm (Simple) de Kafka (Honkai Star Rail). Confeccionado en tela de alta calidad, estampado HD y relleno suave.;Genérica;FU10S-KAFKA;30;100;Fibra siliconada
FU10S-FIREF;Funda 100cm x 30cm (Simple) Firefly Honkai Star Rail;Firefly;Honkai Star Rail;8949;16074;52;Blanco;https://example.com/firefly.jpg;Funda 100cm x 30cm (Simple) de Firefly (Honkai Star Rail). Confeccionado en tela de alta calidad, estampado HD y relleno suave.;Genérica;FU10S-FIREF;30;100;Fibra siliconada
FU10S-ACHER;Funda 100cm x 30cm (Simple) Acheron Honkai Star Rail;Acheron;Honkai Star Rail;8949;16074;52;Blanco;https://example.com/acheron.jpg;Funda 100cm x 30cm (Simple) de Acheron (Honkai Star Rail). Confeccionado en tela de alta calidad, estampado HD y relleno suave.;Genérica;FU10S-ACHER;30;100;Fibra siliconada
FU10S-MARCH;Funda 100cm x 30cm (Simple) March 7th Honkai Star Rail;March 7th;Honkai Star Rail;8949;16074;54;Blanco;https://example.com/march7th.jpg;Funda 100cm x 30cm (Simple) de March 7th (Honkai Star Rail). Confeccionado en tela de alta calidad, estampado HD y relleno suave.;Genérica;FU10S-MARCH;30;100;Fibra siliconada
FU10S-JINGL;Funda 100cm x 30cm (Simple) Jingliu Honkai Star Rail;Jingliu;Honkai Star Rail;8949;16074;52;Blanco;https://example.com/jingliu.jpg;Funda 100cm x 30cm (Simple) de Jingliu (Honkai Star Rail). Confeccionado en tela de alta calidad, estampado HD y relleno suave.;Genérica;FU10S-JINGL;30;100;Fibra siliconada
FU10S-SPARK;Funda 100cm x 30cm (Simple) Sparkle Honkai Star Rail;Sparkle;Honkai Star Rail;8949;16074;52;Blanco;https://example.com/sparkle.jpg;Funda 100cm x 30cm (Simple) de Sparkle (Honkai Star Rail). Confeccionado en tela de alta calidad, estampado HD y relleno suave.;Genérica;FU10S-SPARK;30;100;Fibra siliconada
FU10S-RUANM;Funda 100cm x 30cm (Simple) Ruan Mei Honkai Star Rail;Ruan Mei;Honkai Star Rail;8949;16074;53;Blanco;https://example.com/ruanmei.jpg;Funda 100cm x 30cm (Simple) de Ruan Mei (Honkai Star Rail). Confeccionado en tela de alta calidad, estampado HD y relleno suave.;Genérica;FU10S-RUANM;30;100;Fibra siliconada
FU10S-BLACK;Funda 100cm x 30cm (Simple) Black Swan Honkai Star Rail;Black Swan;Honkai Star Rail;8949;16074;55;Blanco;https://example.com/blackswan.jpg;Funda 100cm x 30cm (Simple) de Black Swan (Honkai Star Rail). Confeccionado en tela de alta calidad, estampado HD y relleno suave.;Genérica;FU10S-BLACK;30;100;Fibra siliconada
FU10S-BLADE;Funda 100cm x 30cm (Simple) Blade Honkai Star Rail;Blade;Honkai Star Rail;8949;16074;50;Blanco;https://example.com/blade.jpg;Funda 100cm x 30cm (Simple) de Blade (Honkai Star Rail). Confeccionado en tela de alta calidad, estampado HD y relleno suave.;Genérica;FU10S-BLADE;30;100;Fibra siliconada
FU10S-DANHE;Funda 100cm x 30cm (Simple) Dan Heng Honkai Star Rail;Dan Heng;Honkai Star Rail;8949;16074;53;Blanco;https://example.com/danheng.jpg;Funda 100cm x 30cm (Simple) de Dan Heng (Honkai Star Rail). Confeccionado en tela de alta calidad, estampado HD y relleno suave.;Genérica;FU10S-DANHE;30;100;Fibra siliconada
FU10S-RAIDE;Funda 100cm x 30cm (Simple) Raiden Shogun Genshin Impact;Raiden Shogun;Genshin Impact;8949;16074;56;Blanco;https://example.com/raiden.jpg;Funda 100cm x 30cm (Simple) de Raiden Shogun (Genshin Impact). Confeccionado en tela de alta calidad, estampado HD y relleno suave.;Genérica;FU10S-RAIDE;30;100;Fibra siliconada
FU10S-HUTAO;Funda 100cm x 30cm (Simple) Hu Tao Genshin Impact;Hu Tao;Genshin Impact;8949;16074;49;Blanco;https://example.com/hutao.jpg;Funda 100cm x 30cm (Simple) de Hu Tao (Genshin Impact). Confeccionado en tela de alta calidad, estampado HD y relleno suave.;Genérica;FU10S-HUTAO;30;100;Fibra siliconada
FU10S-FURIN;Funda 100cm x 30cm (Simple) Furina Genshin Impact;Furina;Genshin Impact;8949;16074;49;Blanco;https://example.com/furina.jpg;Funda 100cm x 30cm (Simple) de Furina (Genshin Impact). Confeccionado en tela de alta calidad, estampado HD y relleno suave.;Genérica;FU10S-FURIN;30;100;Fibra siliconada
FU10S-YELAN;Funda 100cm x 30cm (Simple) Yelan Genshin Impact;Yelan;Genshin Impact;8949;16074;48;Blanco;https://example.com/yelan.jpg;Funda 100cm x 30cm (Simple) de Yelan (Genshin Impact). Confeccionado en tela de alta calidad, estampado HD y relleno suave.;Genérica;FU10S-YELAN;30;100;Fibra siliconada
FU10S-GANYU;Funda 100cm x 30cm (Simple) Ganyu Genshin Impact;Ganyu;Genshin Impact;8949;16074;48;Blanco;https://example.com/ganyu.jpg;Funda 100cm x 30cm (Simple) de Ganyu (Genshin Impact). Confeccionado en tela de alta calidad, estampado HD y relleno suave.;Genérica;FU10S-GANYU;30;100;Fibra siliconada
FU10S-SHENH;Funda 100cm x 30cm (Simple) Shenhe Genshin Impact;Shenhe;Genshin Impact;8949;16074;49;Blanco;https://example.com/shenhe.jpg;Funda 100cm x 30cm (Simple) de Shenhe (Genshin Impact). Confeccionado en tela de alta calidad, estampado HD y relleno suave.;Genérica;FU10S-SHENH;30;100;Fibra siliconada
FU10S-ARLEC;Funda 100cm x 30cm (Simple) Arlecchino Genshin Impact;Arlecchino;Genshin Impact;8949;16074;53;Blanco;https://example.com/arlecchino.jpg;Funda 100cm x 30cm (Simple) de Arlecchino (Genshin Impact). Confeccionado en tela de alta calidad, estampado HD y relleno suave.;Genérica;FU10S-ARLEC;30;100;Fibra siliconada
FU10S-NAHID;Funda 100cm x 30cm (Simple) Nahida Genshin Impact;Nahida;Genshin Impact;8949;16074;49;Blanco;https://example.com/nahida.jpg;Funda 100cm x 30cm (Simple) de Nahida (Genshin Impact). Confeccionado en tela de alta calidad, estampado HD y relleno suave.;Genérica;FU10S-NAHID;30;100;Fibra siliconada
FU10S-ZHONG;Funda 100cm x 30cm (Simple) Zhongli Genshin Impact;Zhongli;Genshin Impact;8949;16074;50;Blanco;https://example.com/zhongli.jpg;Funda 100cm x 30cm (Simple) de Zhongli (Genshin Impact). Confeccionado en tela de alta calidad, estampado HD y relleno suave.;Genérica;FU10S-ZHONG;30;100;Fibra siliconada
FU10S-NEUVI;Funda 100cm x 30cm (Simple) Neuvillette Genshin Impact;Neuvillette;Genshin Impact;8949;16074;54;Blanco;https://example.com/neuvillette.jpg;Funda 100cm x 30cm (Simple) de Neuvillette (Genshin Impact). Confeccionado en tela de alta calidad, estampado HD y relleno suave.;Genérica;FU10S-NEUVI;30;100;Fibra siliconada
FU10S-REM;Funda 100cm x 30cm (Simple) Rem Re:Zero;Rem;Re:Zero;8949;16074;39;Blanco;;Funda 100cm x 30cm (Simple) de Rem (Re:Zero). Confeccionado en tela de alta calidad, estampado HD y relleno suave.;Genérica;FU10S-REM;30;100;Fibra siliconada
FU10S-RAM;Funda 100cm x 30cm (Simple) Ram Re:Zero;Ram;Re:Zero;8949;16074;39;Blanco;;Funda 100cm x 30cm (Simple) de Ram (Re:Zero). Confeccionado en tela de alta calidad, estampado HD y relleno suave.;Genérica;FU10S-RAM;30;100;Fibra siliconada
FU10S-EMILI;Funda 100cm x 30cm (Simple) Emilia Re:Zero;Emilia;Re:Zero;8949;16074;42;Blanco;;Funda 100cm x 30cm (Simple) de Emilia (Re:Zero). Confeccionado en tela de alta calidad, estampado HD y relleno suave.;Genérica;FU10S-EMILI;30;100;Fibra siliconada
FU10S-ECHID;Funda 100cm x 30cm (Simple) Echidna Re:Zero;Echidna;Re:Zero;8949;16074;43;Blanco;;Funda 100cm x 30cm (Simple) de Echidna (Re:Zero). Confeccionado en tela de alta calidad, estampado HD y relleno suave.;Genérica;FU10S-ECHID;30;100;Fibra siliconada
FU10S-GOJOS;Funda 100cm x 30cm (Simple) Gojo Satoru Jujutsu Kaisen;Gojo Satoru;Jujutsu Kaisen;8949;16074;54;Blanco;;Funda 100cm x 30cm (Simple) de Gojo Satoru (Jujutsu Kaisen). Confeccionado en tela de alta calidad, estampado HD y relleno suave.;Genérica;FU10S-GOJOS;30;100;Fibra siliconada
FU10S-TOJIF;Funda 100cm x 30cm (Simple) Toji Fushiguro Jujutsu Kaisen;Toji Fushiguro;Jujutsu Kaisen;8949;16074;57;Blanco;;Funda 100cm x 30cm (Simple) de Toji Fushiguro (Jujutsu Kaisen). Confeccionado en tela de alta calidad, estampado HD y relleno suave.;Genérica;FU10S-TOJIF;30;100;Fibra siliconada
FU10S-RYOME;Funda 100cm x 30cm (Simple) Ryomen Sukuna Jujutsu Kaisen;Ryomen Sukuna;Jujutsu Kaisen;8949;16074;56;Blanco;;Funda 100cm x 30cm (Simple) de Ryomen Sukuna (Jujutsu Kaisen). Confeccionado en tela de alta calidad, estampado HD y relleno suave.;Genérica;FU10S-RYOME;30;100;Fibra siliconada
FU10S-MAKIZ;Funda 100cm x 30cm (Simple) Maki Zenin Jujutsu Kaisen;Maki Zenin;Jujutsu Kaisen;8949;16074;53;Blanco;;Funda 100cm x 30cm (Simple) de Maki Zenin (Jujutsu Kaisen). Confeccionado en tela de alta calidad, estampado HD y relleno suave.;Genérica;FU10S-MAKIZ;30;100;Fibra siliconada
FU10S-NOBAR;Funda 100cm x 30cm (Simple) Nobara Kugisaki Jujutsu Kaisen;Nobara Kugisaki;Jujutsu Kaisen;8949;16074;58;Blanco;;Funda 100cm x 30cm (Simple) de Nobara Kugisaki (Jujutsu Kaisen). Confeccionado en tela de alta calidad, estampado HD y relleno suave.;Genérica;FU10S-NOBAR;30;100;Fibra siliconada
FU10S-NEZUK;Funda 100cm x 30cm (Simple) Nezuko Kamado Demon Slayer;Nezuko Kamado;Demon Slayer;8949;16074;54;Blanco;;Funda 100cm x 30cm (Simple) de Nezuko Kamado (Demon Slayer). Confeccionado en tela de alta calidad, estampado HD y relleno suave.;Genérica;FU10S-NEZUK;30;100;Fibra siliconada
FU10S-MITSU;Funda 100cm x 30cm (Simple) Mitsuri Kanroji Demon Slayer;Mitsuri Kanroji;Demon Slayer;8949;16074;56;Blanco;;Funda 100cm x 30cm (Simple) de Mitsuri Kanroji (Demon Slayer). Confeccionado en tela de alta calidad, estampado HD y relleno suave.;Genérica;FU10S-MITSU;30;100;Fibra siliconada
FU10S-SHINO;Funda 100cm x 30cm (Simple) Shinobu Kocho Demon Slayer;Shinobu Kocho;Demon Slayer;8949;16074;54;Blanco;;Funda 100cm x 30cm (Simple) de Shinobu Kocho (Demon Slayer). Confeccionado en tela de alta calidad, estampado HD y relleno suave.;Genérica;FU10S-SHINO;30;100;Fibra siliconada
FU10S-KANAO;Funda 100cm x 30cm (Simple) Kanao Tsuyuri Demon Slayer;Kanao Tsuyuri;Demon Slayer;8949;16074;54;Blanco;;Funda 100cm x 30cm (Simple) de Kanao Tsuyuri (Demon Slayer). Confeccionado en tela de alta calidad, estampado HD y relleno suave.;Genérica;FU10S-KANAO;30;100;Fibra siliconada
FU10S-MAKIM;Funda 100cm x 30cm (Simple) Makima Chainsaw Man;Makima;Chainsaw Man;8949;16074;47;Blanco;;Funda 100cm x 30cm (Simple) de Makima (Chainsaw Man). Confeccionado en tela de alta calidad, estampado HD y relleno suave.;Genérica;FU10S-MAKIM;30;100;Fibra siliconada
FU10S-POWER;Funda 100cm x 30cm (Simple) Power Chainsaw Man;Power;Chainsaw Man;8949;16074;46;Blanco;;Funda 100cm x 30cm (Simple) de Power (Chainsaw Man). Confeccionado en tela de alta calidad, estampado HD y relleno suave.;Genérica;FU10S-POWER;30;100;Fibra siliconada
FU10S-REZE;Funda 100cm x 30cm (Simple) Reze Chainsaw Man;Reze;Chainsaw Man;8949;16074;45;Blanco;;Funda 100cm x 30cm (Simple) de Reze (Chainsaw Man). Confeccionado en tela de alta calidad, estampado HD y relleno suave.;Genérica;FU10S-REZE;30;100;Fibra siliconada
FU10S-FRIER;Funda 100cm x 30cm (Simple) Frieren Sousou no Frieren;Frieren;Sousou no Frieren;8949;16074;53;Blanco;;Funda 100cm x 30cm (Simple) de Frieren (Sousou no Frieren). Confeccionado en tela de alta calidad, estampado HD y relleno suave.;Genérica;FU10S-FRIER;30;100;Fibra siliconada
FU10S-FERN;Funda 100cm x 30cm (Simple) Fern Sousou no Frieren;Fern;Sousou no Frieren;8949;16074;50;Blanco;;Funda 100cm x 30cm (Simple) de Fern (Sousou no Frieren). Confeccionado en tela de alta calidad, estampado HD y relleno suave.;Genérica;FU10S-FERN;30;100;Fibra siliconada
FU10S-YORFO;Funda 100cm x 30cm (Simple) Yor Forger Spy x Family;Yor Forger;Spy x Family;8949;16074;51;Blanco;;Funda 100cm x 30cm (Simple) de Yor Forger (Spy x Family). Confeccionado en tela de alta calidad, estampado HD y relleno suave.;Genérica;FU10S-YORFO;30;100;Fibra siliconada
FU10S-HATSU;Funda 100cm x 30cm (Simple) Hatsune Miku Vocaloid;Hatsune Miku;Vocaloid;8949;16074;49;Blanco;;Funda 100cm x 30cm (Simple) de Hatsune Miku (Vocaloid). Confeccionado en tela de alta calidad, estampado HD y relleno suave.;Genérica;FU10S-HATSU;30;100;Fibra siliconada
FU10S-2B;Funda 100cm x 30cm (Simple) 2B NieR Automata;2B;NieR Automata;8949;16074;44;Blanco;;Funda 100cm x 30cm (Simple) de 2B (NieR Automata). Confeccionado en tela de alta calidad, estampado HD y relleno suave.;Genérica;FU10S-2B;30;100;Fibra siliconada
FU10S-ASUKA;Funda 100cm x 30cm (Simple) Asuka Langley Evangelion;Asuka Langley;Evangelion;8949;16074;52;Blanco;;Funda 100cm x 30cm (Simple) de Asuka Langley (Evangelion). Confeccionado en tela de alta calidad, estampado HD y relleno suave.;Genérica;FU10S-ASUKA;30;100;Fibra siliconada
FU10S-REIAY;Funda 100cm x 30cm (Simple) Rei Ayanami Evangelion;Rei Ayanami;Evangelion;8949;16074;50;Blanco;;Funda 100cm x 30cm (Simple) de Rei Ayanami (Evangelion). Confeccionado en tela de alta calidad, estampado HD y relleno suave.;Genérica;FU10S-REIAY;30;100;Fibra siliconada
FU10S-ALBED;Funda 100cm x 30cm (Simple) Albedo Overlord;Albedo;Overlord;8949;16074;43;Blanco;;Funda 100cm x 30cm (Simple) de Albedo (Overlord). Confeccionado en tela de alta calidad, estampado HD y relleno suave.;Genérica;FU10S-ALBED;30;100;Fibra siliconada
FU10S-MARIN;Funda 100cm x 30cm (Simple) Marin Kitagawa;Marin Kitagawa;My Dress-Up Darling;8949;16074;42;Blanco;;Funda 100cm x 30cm (Simple) de Marin Kitagawa (My Dress-Up Darling). Confeccionado en tela de alta calidad, estampado HD y relleno suave.;Genérica;FU10S-MARIN;30;100;Fibra siliconada
FU10S-ARTOR;Funda 100cm x 30cm (Simple) Artoria Pendragon;Artoria Pendragon;Fate Stay Night;8949;16074;45;Blanco;;Funda 100cm x 30cm (Simple) de Artoria Pendragon (Fate Stay Night). Confeccionado en tela de alta calidad, estampado HD y relleno suave.;Genérica;FU10S-ARTOR;30;100;Fibra siliconada
FU10S-JEANN;Funda 100cm x 30cm (Simple) Jeanne d'Arc Fate Grand Order;Jeanne d'Arc;Fate Grand Order;8949;16074;57;Blanco;;Funda 100cm x 30cm (Simple) de Jeanne d'Arc (Fate Grand Order). Confeccionado en tela de alta calidad, estampado HD y relleno suave.;Genérica;FU10S-JEANN;30;100;Fibra siliconada
FU10S-ASUNA;Funda 100cm x 30cm (Simple) Asuna Blue Archive;Asuna;Blue Archive;8949;16074;46;Blanco;;Funda 100cm x 30cm (Simple) de Asuna (Blue Archive). Confeccionado en tela de alta calidad, estampado HD y relleno suave.;Genérica;FU10S-ASUNA;30;100;Fibra siliconada
FU10S-KARIN;Funda 100cm x 30cm (Simple) Karin Blue Archive;Karin;Blue Archive;8949;16074;46;Blanco;;Funda 100cm x 30cm (Simple) de Karin (Blue Archive). Confeccionado en tela de alta calidad, estampado HD y relleno suave.;Genérica;FU10S-KARIN;30;100;Fibra siliconada
FU10S-MIKAS;Funda 100cm x 30cm (Simple) Mikasa Ackerman Attack on Titan;Mikasa Ackerman;Attack on Titan;8949;16074;59;Blanco;;Funda 100cm x 30cm (Simple) de Mikasa Ackerman (Attack on Titan). Confeccionado en tela de alta calidad, estampado HD y relleno suave.;Genérica;FU10S-MIKAS;30;100;Fibra siliconada
FU10S-LEVIA;Funda 100cm x 30cm (Simple) Levi Ackerman Attack on Titan;Levi Ackerman;Attack on Titan;8949;16074;57;Blanco;;Funda 100cm x 30cm (Simple) de Levi Ackerman (Attack on Titan). Confeccionado en tela de alta calidad, estampado HD y relleno suave.;Genérica;FU10S-LEVIA;30;100;Fibra siliconada
FU10S-NAMI;Funda 100cm x 30cm (Simple) Nami One Piece;Nami;One Piece;8949;16074;42;Blanco;;Funda 100cm x 30cm (Simple) de Nami (One Piece). Confeccionado en tela de alta calidad, estampado HD y relleno suave.;Genérica;FU10S-NAMI;30;100;Fibra siliconada
FU10S-NICOR;Funda 100cm x 30cm (Simple) Nico Robin One Piece;Nico Robin;One Piece;8949;16074;48;Blanco;;Funda 100cm x 30cm (Simple) de Nico Robin (One Piece). Confeccionado en tela de alta calidad, estampado HD y relleno suave.;Genérica;FU10S-NICOR;30;100;Fibra siliconada
FU10S-BOAHA;Funda 100cm x 30cm (Simple) Boa Hancock One Piece;Boa Hancock;One Piece;8949;16074;49;Blanco;;Funda 100cm x 30cm (Simple) de Boa Hancock (One Piece). Confeccionado en tela de alta calidad, estampado HD y relleno suave.;Genérica;FU10S-BOAHA;30;100;Fibra siliconada
FU10S-MEGUM;Funda 100cm x 30cm (Simple) Megumin Konosuba;Megumin;Konosuba;8949;16074;44;Blanco;;Funda 100cm x 30cm (Simple) de Megumin (Konosuba). Confeccionado en tela de alta calidad, estampado HD y relleno suave.;Genérica;FU10S-MEGUM;30;100;Fibra siliconada
FU10S-AQUA;Funda 100cm x 30cm (Simple) Aqua Konosuba;Aqua;Konosuba;8949;16074;41;Blanco;;Funda 100cm x 30cm (Simple) de Aqua (Konosuba). Confeccionado en tela de alta calidad, estampado HD y relleno suave.;Genérica;FU10S-AQUA;30;100;Fibra siliconada
FU10S-MIRKO;Funda 100cm x 30cm (Simple) Mirko My Hero Academia;Mirko;My Hero Academia;8949;16074;50;Blanco;;Funda 100cm x 30cm (Simple) de Mirko (My Hero Academia). Confeccionado en tela de alta calidad, estampado HD y relleno suave.;Genérica;FU10S-MIRKO;30;100;Fibra siliconada
FU10S-HIMIK;Funda 100cm x 30cm (Simple) Himiko Toga My Hero Academia;Himiko Toga;My Hero Academia;8949;16074;56;Blanco;;Funda 100cm x 30cm (Simple) de Himiko Toga (My Hero Academia). Confeccionado en tela de alta calidad, estampado HD y relleno suave.;Genérica;FU10S-HIMIK;30;100;Fibra siliconada
FU10S-HITOR;Funda 100cm x 30cm (Simple) Hitori Gotoh Bocchi the Rock!;Hitori Gotoh;Bocchi the Rock!;8949;16074;57;Blanco;;Funda 100cm x 30cm (Simple) de Hitori Gotoh (Bocchi the Rock!). Confeccionado en tela de alta calidad, estampado HD y relleno suave.;Genérica;FU10S-HITOR;30;100;Fibra siliconada
FU10D-KAFKA;Funda 100cm x 30cm (Doble) Kafka Honkai Star Rail;Kafka;Honkai Star Rail;12169;20461;49;Blanco;https://i.postimg.cc/44F1tXPX/kafka.png;Funda 100cm x 30cm (Doble) de Kafka (Honkai Star Rail). Confeccionado en tela de alta calidad, estampado HD y relleno suave.;Genérica;FU10D-KAFKA;30;100;Fibra siliconada
FU10D-FIREF;Funda 100cm x 30cm (Doble) Firefly Honkai Star Rail;Firefly;Honkai Star Rail;12169;20461;51;Blanco;https://example.com/firefly.jpg;Funda 100cm x 30cm (Doble) de Firefly (Honkai Star Rail). Confeccionado en tela de alta calidad, estampado HD y relleno suave.;Genérica;FU10D-FIREF;30;100;Fibra siliconada
FU10D-ACHER;Funda 100cm x 30cm (Doble) Acheron Honkai Star Rail;Acheron;Honkai Star Rail;12169;20461;51;Blanco;https://example.com/acheron.jpg;Funda 100cm x 30cm (Doble) de Acheron (Honkai Star Rail). Confeccionado en tela de alta calidad, estampado HD y relleno suave.;Genérica;FU10D-ACHER;30;100;Fibra siliconada
FU10D-MARCH;Funda 100cm x 30cm (Doble) March 7th Honkai Star Rail;March 7th;Honkai Star Rail;12169;20461;53;Blanco;https://example.com/march7th.jpg;Funda 100cm x 30cm (Doble) de March 7th (Honkai Star Rail). Confeccionado en tela de alta calidad, estampado HD y relleno suave.;Genérica;FU10D-MARCH;30;100;Fibra siliconada
FU10D-JINGL;Funda 100cm x 30cm (Doble) Jingliu Honkai Star Rail;Jingliu;Honkai Star Rail;12169;20461;51;Blanco;https://example.com/jingliu.jpg;Funda 100cm x 30cm (Doble) de Jingliu (Honkai Star Rail). Confeccionado en tela de alta calidad, estampado HD y relleno suave.;Genérica;FU10D-JINGL;30;100;Fibra siliconada
FU10D-SPARK;Funda 100cm x 30cm (Doble) Sparkle Honkai Star Rail;Sparkle;Honkai Star Rail;12169;20461;51;Blanco;https://example.com/sparkle.jpg;Funda 100cm x 30cm (Doble) de Sparkle (Honkai Star Rail). Confeccionado en tela de alta calidad, estampado HD y relleno suave.;Genérica;FU10D-SPARK;30;100;Fibra siliconada
FU10D-RUANM;Funda 100cm x 30cm (Doble) Ruan Mei Honkai Star Rail;Ruan Mei;Honkai Star Rail;12169;20461;52;Blanco;https://example.com/ruanmei.jpg;Funda 100cm x 30cm (Doble) de Ruan Mei (Honkai Star Rail). Confeccionado en tela de alta calidad, estampado HD y relleno suave.;Genérica;FU10D-RUANM;30;100;Fibra siliconada
FU10D-BLACK;Funda 100cm x 30cm (Doble) Black Swan Honkai Star Rail;Black Swan;Honkai Star Rail;12169;20461;54;Blanco;https://example.com/blackswan.jpg;Funda 100cm x 30cm (Doble) de Black Swan (Honkai Star Rail). Confeccionado en tela de alta calidad, estampado HD y relleno suave.;Genérica;FU10D-BLACK;30;100;Fibra siliconada
FU10D-BLADE;Funda 100cm x 30cm (Doble) Blade Honkai Star Rail;Blade;Honkai Star Rail;12169;20461;49;Blanco;https://example.com/blade.jpg;Funda 100cm x 30cm (Doble) de Blade (Honkai Star Rail). Confeccionado en tela de alta calidad, estampado HD y relleno suave.;Genérica;FU10D-BLADE;30;100;Fibra siliconada
FU10D-DANHE;Funda 100cm x 30cm (Doble) Dan Heng Honkai Star Rail;Dan Heng;Honkai Star Rail;12169;20461;52;Blanco;https://example.com/danheng.jpg;Funda 100cm x 30cm (Doble) de Dan Heng (Honkai Star Rail). Confeccionado en tela de alta calidad, estampado HD y relleno suave.;Genérica;FU10D-DANHE;30;100;Fibra siliconada
FU10D-RAIDE;Funda 100cm x 30cm (Doble) Raiden Shogun Genshin Impact;Raiden Shogun;Genshin Impact;12169;20461;55;Blanco;https://example.com/raiden.jpg;Funda 100cm x 30cm (Doble) de Raiden Shogun (Genshin Impact). Confeccionado en tela de alta calidad, estampado HD y relleno suave.;Genérica;FU10D-RAIDE;30;100;Fibra siliconada
FU10D-HUTAO;Funda 100cm x 30cm (Doble) Hu Tao Genshin Impact;Hu Tao;Genshin Impact;12169;20461;48;Blanco;https://example.com/hutao.jpg;Funda 100cm x 30cm (Doble) de Hu Tao (Genshin Impact). Confeccionado en tela de alta calidad, estampado HD y relleno suave.;Genérica;FU10D-HUTAO;30;100;Fibra siliconada
FU10D-FURIN;Funda 100cm x 30cm (Doble) Furina Genshin Impact;Furina;Genshin Impact;12169;20461;48;Blanco;https://example.com/furina.jpg;Funda 100cm x 30cm (Doble) de Furina (Genshin Impact). Confeccionado en tela de alta calidad, estampado HD y relleno suave.;Genérica;FU10D-FURIN;30;100;Fibra siliconada
FU10D-YELAN;Funda 100cm x 30cm (Doble) Yelan Genshin Impact;Yelan;Genshin Impact;12169;20461;47;Blanco;https://example.com/yelan.jpg;Funda 100cm x 30cm (Doble) de Yelan (Genshin Impact). Confeccionado en tela de alta calidad, estampado HD y relleno suave.;Genérica;FU10D-YELAN;30;100;Fibra siliconada
FU10D-GANYU;Funda 100cm x 30cm (Doble) Ganyu Genshin Impact;Ganyu;Genshin Impact;12169;20461;47;Blanco;https://example.com/ganyu.jpg;Funda 100cm x 30cm (Doble) de Ganyu (Genshin Impact). Confeccionado en tela de alta calidad, estampado HD y relleno suave.;Genérica;FU10D-GANYU;30;100;Fibra siliconada
FU10D-SHENH;Funda 100cm x 30cm (Doble) Shenhe Genshin Impact;Shenhe;Genshin Impact;12169;20461;48;Blanco;https://example.com/shenhe.jpg;Funda 100cm x 30cm (Doble) de Shenhe (Genshin Impact). Confeccionado en tela de alta calidad, estampado HD y relleno suave.;Genérica;FU10D-SHENH;30;100;Fibra siliconada
FU10D-ARLEC;Funda 100cm x 30cm (Doble) Arlecchino Genshin Impact;Arlecchino;Genshin Impact;12169;20461;52;Blanco;https://example.com/arlecchino.jpg;Funda 100cm x 30cm (Doble) de Arlecchino (Genshin Impact). Confeccionado en tela de alta calidad, estampado HD y relleno suave.;Genérica;FU10D-ARLEC;30;100;Fibra siliconada
FU10D-NAHID;Funda 100cm x 30cm (Doble) Nahida Genshin Impact;Nahida;Genshin Impact;12169;20461;48;Blanco;https://example.com/nahida.jpg;Funda 100cm x 30cm (Doble) de Nahida (Genshin Impact). Confeccionado en tela de alta calidad, estampado HD y relleno suave.;Genérica;FU10D-NAHID;30;100;Fibra siliconada
FU10D-ZHONG;Funda 100cm x 30cm (Doble) Zhongli Genshin Impact;Zhongli;Genshin Impact;12169;20461;49;Blanco;https://example.com/zhongli.jpg;Funda 100cm x 30cm (Doble) de Zhongli (Genshin Impact). Confeccionado en tela de alta calidad, estampado HD y relleno suave.;Genérica;FU10D-ZHONG;30;100;Fibra siliconada
FU10D-NEUVI;Funda 100cm x 30cm (Doble) Neuvillette Genshin Impact;Neuvillette;Genshin Impact;12169;20461;53;Blanco;https://example.com/neuvillette.jpg;Funda 100cm x 30cm (Doble) de Neuvillette (Genshin Impact). Confeccionado en tela de alta calidad, estampado HD y relleno suave.;Genérica;FU10D-NEUVI;30;100;Fibra siliconada
FU10D-REM;Funda 100cm x 30cm (Doble) Rem Re:Zero;Rem;Re:Zero;12169;20461;38;Blanco;;Funda 100cm x 30cm (Doble) de Rem (Re:Zero). Confeccionado en tela de alta calidad, estampado HD y relleno suave.;Genérica;FU10D-REM;30;100;Fibra siliconada
FU10D-RAM;Funda 100cm x 30cm (Doble) Ram Re:Zero;Ram;Re:Zero;12169;20461;38;Blanco;;Funda 100cm x 30cm (Doble) de Ram (Re:Zero). Confeccionado en tela de alta calidad, estampado HD y relleno suave.;Genérica;FU10D-RAM;30;100;Fibra siliconada
FU10D-EMILI;Funda 100cm x 30cm (Doble) Emilia Re:Zero;Emilia;Re:Zero;12169;20461;41;Blanco;;Funda 100cm x 30cm (Doble) de Emilia (Re:Zero). Confeccionado en tela de alta calidad, estampado HD y relleno suave.;Genérica;FU10D-EMILI;30;100;Fibra siliconada
FU10D-ECHID;Funda 100cm x 30cm (Doble) Echidna Re:Zero;Echidna;Re:Zero;12169;20461;42;Blanco;;Funda 100cm x 30cm (Doble) de Echidna (Re:Zero). Confeccionado en tela de alta calidad, estampado HD y relleno suave.;Genérica;FU10D-ECHID;30;100;Fibra siliconada
FU10D-GOJOS;Funda 100cm x 30cm (Doble) Gojo Satoru Jujutsu Kaisen;Gojo Satoru;Jujutsu Kaisen;12169;20461;53;Blanco;;Funda 100cm x 30cm (Doble) de Gojo Satoru (Jujutsu Kaisen). Confeccionado en tela de alta calidad, estampado HD y relleno suave.;Genérica;FU10D-GOJOS;30;100;Fibra siliconada
FU10D-TOJIF;Funda 100cm x 30cm (Doble) Toji Fushiguro Jujutsu Kaisen;Toji Fushiguro;Jujutsu Kaisen;12169;20461;56;Blanco;;Funda 100cm x 30cm (Doble) de Toji Fushiguro (Jujutsu Kaisen). Confeccionado en tela de alta calidad, estampado HD y relleno suave.;Genérica;FU10D-TOJIF;30;100;Fibra siliconada
FU10D-RYOME;Funda 100cm x 30cm (Doble) Ryomen Sukuna Jujutsu Kaisen;Ryomen Sukuna;Jujutsu Kaisen;12169;20461;55;Blanco;;Funda 100cm x 30cm (Doble) de Ryomen Sukuna (Jujutsu Kaisen). Confeccionado en tela de alta calidad, estampado HD y relleno suave.;Genérica;FU10D-RYOME;30;100;Fibra siliconada
FU10D-MAKIZ;Funda 100cm x 30cm (Doble) Maki Zenin Jujutsu Kaisen;Maki Zenin;Jujutsu Kaisen;12169;20461;52;Blanco;;Funda 100cm x 30cm (Doble) de Maki Zenin (Jujutsu Kaisen). Confeccionado en tela de alta calidad, estampado HD y relleno suave.;Genérica;FU10D-MAKIZ;30;100;Fibra siliconada
FU10D-NOBAR;Funda 100cm x 30cm (Doble) Nobara Kugisaki Jujutsu Kaisen;Nobara Kugisaki;Jujutsu Kaisen;12169;20461;57;Blanco;;Funda 100cm x 30cm (Doble) de Nobara Kugisaki (Jujutsu Kaisen). Confeccionado en tela de alta calidad, estampado HD y relleno suave.;Genérica;FU10D-NOBAR;30;100;Fibra siliconada
FU10D-NEZUK;Funda 100cm x 30cm (Doble) Nezuko Kamado Demon Slayer;Nezuko Kamado;Demon Slayer;12169;20461;53;Blanco;;Funda 100cm x 30cm (Doble) de Nezuko Kamado (Demon Slayer). Confeccionado en tela de alta calidad, estampado HD y relleno suave.;Genérica;FU10D-NEZUK;30;100;Fibra siliconada
FU10D-MITSU;Funda 100cm x 30cm (Doble) Mitsuri Kanroji Demon Slayer;Mitsuri Kanroji;Demon Slayer;12169;20461;55;Blanco;;Funda 100cm x 30cm (Doble) de Mitsuri Kanroji (Demon Slayer). Confeccionado en tela de alta calidad, estampado HD y relleno suave.;Genérica;FU10D-MITSU;30;100;Fibra siliconada
FU10D-SHINO;Funda 100cm x 30cm (Doble) Shinobu Kocho Demon Slayer;Shinobu Kocho;Demon Slayer;12169;20461;53;Blanco;;Funda 100cm x 30cm (Doble) de Shinobu Kocho (Demon Slayer). Confeccionado en tela de alta calidad, estampado HD y relleno suave.;Genérica;FU10D-SHINO;30;100;Fibra siliconada
FU10D-KANAO;Funda 100cm x 30cm (Doble) Kanao Tsuyuri Demon Slayer;Kanao Tsuyuri;Demon Slayer;12169;20461;53;Blanco;;Funda 100cm x 30cm (Doble) de Kanao Tsuyuri (Demon Slayer). Confeccionado en tela de alta calidad, estampado HD y relleno suave.;Genérica;FU10D-KANAO;30;100;Fibra siliconada
FU10D-MAKIM;Funda 100cm x 30cm (Doble) Makima Chainsaw Man;Makima;Chainsaw Man;12169;20461;46;Blanco;;Funda 100cm x 30cm (Doble) de Makima (Chainsaw Man). Confeccionado en tela de alta calidad, estampado HD y relleno suave.;Genérica;FU10D-MAKIM;30;100;Fibra siliconada
FU10D-POWER;Funda 100cm x 30cm (Doble) Power Chainsaw Man;Power;Chainsaw Man;12169;20461;45;Blanco;;Funda 100cm x 30cm (Doble) de Power (Chainsaw Man). Confeccionado en tela de alta calidad, estampado HD y relleno suave.;Genérica;FU10D-POWER;30;100;Fibra siliconada
FU10D-REZE;Funda 100cm x 30cm (Doble) Reze Chainsaw Man;Reze;Chainsaw Man;12169;20461;44;Blanco;;Funda 100cm x 30cm (Doble) de Reze (Chainsaw Man). Confeccionado en tela de alta calidad, estampado HD y relleno suave.;Genérica;FU10D-REZE;30;100;Fibra siliconada
FU10D-FRIER;Funda 100cm x 30cm (Doble) Frieren Sousou no Frieren;Frieren;Sousou no Frieren;12169;20461;52;Blanco;;Funda 100cm x 30cm (Doble) de Frieren (Sousou no Frieren). Confeccionado en tela de alta calidad, estampado HD y relleno suave.;Genérica;FU10D-FRIER;30;100;Fibra siliconada
FU10D-FERN;Funda 100cm x 30cm (Doble) Fern Sousou no Frieren;Fern;Sousou no Frieren;12169;20461;49;Blanco;;Funda 100cm x 30cm (Doble) de Fern (Sousou no Frieren). Confeccionado en tela de alta calidad, estampado HD y relleno suave.;Genérica;FU10D-FERN;30;100;Fibra siliconada
FU10D-YORFO;Funda 100cm x 30cm (Doble) Yor Forger Spy x Family;Yor Forger;Spy x Family;12169;20461;50;Blanco;;Funda 100cm x 30cm (Doble) de Yor Forger (Spy x Family). Confeccionado en tela de alta calidad, estampado HD y relleno suave.;Genérica;FU10D-YORFO;30;100;Fibra siliconada
FU10D-HATSU;Funda 100cm x 30cm (Doble) Hatsune Miku Vocaloid;Hatsune Miku;Vocaloid;12169;20461;48;Blanco;;Funda 100cm x 30cm (Doble) de Hatsune Miku (Vocaloid). Confeccionado en tela de alta calidad, estampado HD y relleno suave.;Genérica;FU10D-HATSU;30;100;Fibra siliconada
FU10D-2B;Funda 100cm x 30cm (Doble) 2B NieR Automata;2B;NieR Automata;12169;20461;43;Blanco;;Funda 100cm x 30cm (Doble) de 2B (NieR Automata). Confeccionado en tela de alta calidad, estampado HD y relleno suave.;Genérica;FU10D-2B;30;100;Fibra siliconada
FU10D-ASUKA;Funda 100cm x 30cm (Doble) Asuka Langley Evangelion;Asuka Langley;Evangelion;12169;20461;51;Blanco;;Funda 100cm x 30cm (Doble) de Asuka Langley (Evangelion). Confeccionado en tela de alta calidad, estampado HD y relleno suave.;Genérica;FU10D-ASUKA;30;100;Fibra siliconada
FU10D-REIAY;Funda 100cm x 30cm (Doble) Rei Ayanami Evangelion;Rei Ayanami;Evangelion;12169;20461;49;Blanco;;Funda 100cm x 30cm (Doble) de Rei Ayanami (Evangelion). Confeccionado en tela de alta calidad, estampado HD y relleno suave.;Genérica;FU10D-REIAY;30;100;Fibra siliconada
FU10D-ALBED;Funda 100cm x 30cm (Doble) Albedo Overlord;Albedo;Overlord;12169;20461;42;Blanco;;Funda 100cm x 30cm (Doble) de Albedo (Overlord). Confeccionado en tela de alta calidad, estampado HD y relleno suave.;Genérica;FU10D-ALBED;30;100;Fibra siliconada
FU10D-MARIN;Funda 100cm x 30cm (Doble) Marin Kitagawa;Marin Kitagawa;My Dress-Up Darling;12169;20461;41;Blanco;;Funda 100cm x 30cm (Doble) de Marin Kitagawa (My Dress-Up Darling). Confeccionado en tela de alta calidad, estampado HD y relleno suave.;Genérica;FU10D-MARIN;30;100;Fibra siliconada
FU10D-ARTOR;Funda 100cm x 30cm (Doble) Artoria Pendragon Fate Stay Night;Artoria Pendragon;Fate Stay Night;12169;20461;60;Blanco;;Funda 100cm x 30cm (Doble) de Artoria Pendragon (Fate Stay Night). Confeccionado en tela de alta calidad, estampado HD y relleno suave.;Genérica;FU10D-ARTOR;30;100;Fibra siliconada
FU10D-JEANN;Funda 100cm x 30cm (Doble) Jeanne d'Arc Fate Grand Order;Jeanne d'Arc;Fate Grand Order;12169;20461;56;Blanco;;Funda 100cm x 30cm (Doble) de Jeanne d'Arc (Fate Grand Order). Confeccionado en tela de alta calidad, estampado HD y relleno suave.;Genérica;FU10D-JEANN;30;100;Fibra siliconada
FU10D-ASUNA;Funda 100cm x 30cm (Doble) Asuna Blue Archive;Asuna;Blue Archive;12169;20461;45;Blanco;;Funda 100cm x 30cm (Doble) de Asuna (Blue Archive). Confeccionado en tela de alta calidad, estampado HD y relleno suave.;Genérica;FU10D-ASUNA;30;100;Fibra siliconada
FU10D-KARIN;Funda 100cm x 30cm (Doble) Karin Blue Archive;Karin;Blue Archive;12169;20461;45;Blanco;;Funda 100cm x 30cm (Doble) de Karin (Blue Archive). Confeccionado en tela de alta calidad, estampado HD y relleno suave.;Genérica;FU10D-KARIN;30;100;Fibra siliconada
FU10D-MIKAS;Funda 100cm x 30cm (Doble) Mikasa Ackerman Attack on Titan;Mikasa Ackerman;Attack on Titan;12169;20461;58;Blanco;;Funda 100cm x 30cm (Doble) de Mikasa Ackerman (Attack on Titan). Confeccionado en tela de alta calidad, estampado HD y relleno suave.;Genérica;FU10D-MIKAS;30;100;Fibra siliconada
FU10D-LEVIA;Funda 100cm x 30cm (Doble) Levi Ackerman Attack on Titan;Levi Ackerman;Attack on Titan;12169;20461;56;Blanco;;Funda 100cm x 30cm (Doble) de Levi Ackerman (Attack on Titan). Confeccionado en tela de alta calidad, estampado HD y relleno suave.;Genérica;FU10D-LEVIA;30;100;Fibra siliconada
FU10D-NAMI;Funda 100cm x 30cm (Doble) Nami One Piece;Nami;One Piece;12169;20461;41;Blanco;;Funda 100cm x 30cm (Doble) de Nami (One Piece). Confeccionado en tela de alta calidad, estampado HD y relleno suave.;Genérica;FU10D-NAMI;30;100;Fibra siliconada
FU10D-NICOR;Funda 100cm x 30cm (Doble) Nico Robin One Piece;Nico Robin;One Piece;12169;20461;47;Blanco;;Funda 100cm x 30cm (Doble) de Nico Robin (One Piece). Confeccionado en tela de alta calidad, estampado HD y relleno suave.;Genérica;FU10D-NICOR;30;100;Fibra siliconada
FU10D-BOAHA;Funda 100cm x 30cm (Doble) Boa Hancock One Piece;Boa Hancock;One Piece;12169;20461;48;Blanco;;Funda 100cm x 30cm (Doble) de Boa Hancock (One Piece). Confeccionado en tela de alta calidad, estampado HD y relleno suave.;Genérica;FU10D-BOAHA;30;100;Fibra siliconada
FU10D-MEGUM;Funda 100cm x 30cm (Doble) Megumin Konosuba;Megumin;Konosuba;12169;20461;43;Blanco;;Funda 100cm x 30cm (Doble) de Megumin (Konosuba). Confeccionado en tela de alta calidad, estampado HD y relleno suave.;Genérica;FU10D-MEGUM;30;100;Fibra siliconada
FU10D-AQUA;Funda 100cm x 30cm (Doble) Aqua Konosuba;Aqua;Konosuba;12169;20461;40;Blanco;;Funda 100cm x 30cm (Doble) de Aqua (Konosuba). Confeccionado en tela de alta calidad, estampado HD y relleno suave.;Genérica;FU10D-AQUA;30;100;Fibra siliconada
FU10D-MIRKO;Funda 100cm x 30cm (Doble) Mirko My Hero Academia;Mirko;My Hero Academia;12169;20461;49;Blanco;;Funda 100cm x 30cm (Doble) de Mirko (My Hero Academia). Confeccionado en tela de alta calidad, estampado HD y relleno suave.;Genérica;FU10D-MIRKO;30;100;Fibra siliconada
FU10D-HIMIK;Funda 100cm x 30cm (Doble) Himiko Toga My Hero Academia;Himiko Toga;My Hero Academia;12169;20461;55;Blanco;;Funda 100cm x 30cm (Doble) de Himiko Toga (My Hero Academia). Confeccionado en tela de alta calidad, estampado HD y relleno suave.;Genérica;FU10D-HIMIK;30;100;Fibra siliconada
FU10D-HITOR;Funda 100cm x 30cm (Doble) Hitori Gotoh Bocchi the Rock!;Hitori Gotoh;Bocchi the Rock!;12169;20461;56;Blanco;;Funda 100cm x 30cm (Doble) de Hitori Gotoh (Bocchi the Rock!). Confeccionado en tela de alta calidad, estampado HD y relleno suave.;Genérica;FU10D-HITOR;30;100;Fibra siliconada
